Acubic, Onival
Acubic, Hplicd
Sal18, Hanoma
Ichnin, Egemmf
Chalci, Ohasta
Esalic, Enigri
Spygid, Ohasta
Ichnin, Evenus
Pdolic, Otrian
Csalic, Okriec
Sal31, Eangus
Sal9, Opedun
Broman, Omacul
Sal4, Egemmf
Enobbe, Egemmh
Sal7, Ohelve
Etorym, Omacul
Svesic, Oelaea
Bracsp, Eweiff
Mvesic, Eweiff
Sal6, Oadaph
Ctrifa, Hcarin
Bkopel, Ofoeti
Ichnin, Hischn
Pdolic, Ocolla
Ccruxx, Ovimin
Chalci, Oglauc
Etoxon, Ogalla
Sal11, Oproxi
Broman, Omonti
Eacicu, Ovimin
Sal20, Egemmf
Aminim, Ovaria
Sal16, Ephyli
Efront, Hplicg
Etorym, Ovesic
Sal6, Hplicd
Broman, Obella
Pdolic, Egemmc
Ccruxx, Obridg
Eacicu, Onival
Lpunct, Hplicg
Chalci, Eappen
Torymu, Eelaea
Chalci, Oglabr
Eridol, Eweiff
Bkopel, Oproxi
Chalci, Ofoeti
Apusil, Hplicg
Ppumil, Opustu
Slappo, Elappc
Sal17, Hsglau
Celong, Ospset
Chalci, Esmyrt
Bracin, Oproxi
Chalci, Onival
Sal19, Hischn
Hruber, Obrevi
Pponta, Elappo
Svesic, Ovesic
Bracin, Obridg
Sal52, Hoblit
Binter, Oadaph
Hruber, Oobscu
Bracin, Hoblit
Croman, Halien
Llugen, Oproxi
Svesic, Ogalla
Chalci, Onorve
Ealbit, Eelaea
Sal11, Eatraa
Etorym, Oarcti
Pcynip, Ofoeti
Slappo, Odolic
Ichnin, Hcarin
Hruber, Ofoeti
Peuura, Esmyrs
Anigro, Ofoeti
Sal38, Hangli
Mlongi, Eelaea
Pponta, Oretus
Svesic, Ovimin
Svesic, Okriec
Chalci, Elanat
Ichnin, Opedun
Snigri, Hnudip
Aminim, Oviril
Ccruxx, Etesta
Enobbe, Egemmc
Hruber, Onival
Bimmut, Obrevi
Slappo, Obridg
Sal13, Eweiff
Claevi, Elappc
Pdolic, Onival
Etorym, Ofoeti
Sal10, Epurpu
Adelog, Hcarin
Sal19, Onigri
Hruber, Oviril
Binter, Obella
Slappo, Oherba
Eridol, Odolic
Broman, Onigri
Broman, Oherba
Ilappo, Oadaph
Claevi, Olappl
Anigro, Onigri
Chalci, Omyrti
Sal23, Oretic
Ealbit, Ocolla
Ccruxx, Otrian
Epygma, Ohasta
Pponta, Obridg
Bracin, Elappo
Cgraci, Obridg
Sal35, Eweiff
Celong, Hleuco
Sal44, Halien
Broman, Oaacut
Aprost, Eelaea
Strico, Hpscho
Sal15, Ospeit
Esalic, Eaurit
Pdolic, Olappo
Aalvea, Ovimin
Broman, Ogalla
Latole, Halien
Sal25, Heryth
Aacumi, Egemmh
Ccruxx, Opustu
Sal31, Esubge
Strico, Hischn
Bdisco, Ovaria
Sal3, Emyrsi
Mesole, Hoblit
Celong, Hanoma
Hruber, Ovaria
Epygma, Oglabr
Sal44, Heryth
Apusil, Hscapr
Ilappo, Ogalla
Celong, Olappl
Chalci, Oaacut
Eacicu, Osamol
Etorym, Olappo
Peuura, Emucro
Enobbe, Esmyrs
Aacumi, Eelaea
Broman, Omyrsi
Eclytu, Hplicg
Chalci, Emyrsi
Eacicu, Eboreo
Rbrach, Hplicg
Agalli, Hplicg
Bracin, Otrian
Eacicu, Odolic
Ichnin, Okriec
Broman, Elappc
Lsubco, Otrian
Chalci, Egemmh
Mvesic, Ocolla
Sal10, Ovesic
Celong, Hpurpu
Snigri, Hacuti
Sal20, Ofoeti
Eacicu, Ovesic
Eacicu, Okriec
Pdolic, Emyrti
Ccruxx, Ofoeti
Chalci, Hoblit
Sal9, Hspecc
Broman, Oproxi
Bracin, Ocolla
Chalci, Obridg
Tetras, Eweiff
Svesic, Oproxi
Sal15, Esmyrs
Svesic, Omacul
Sal12, Hoblit
Pdolic, Ehasta
Sal3, Ovaria
Peuura, Eelaea
Ctenoc, Hplicl
Ssubar, Hplicp
Ichnin, Hacuti
Bracin, Ofoeti
Aacumi, Emucro
Apusil, Htuber
Bracin, Oglabr
Axanth, Ovesic
Ecalca, Hoblit
Hruber, Ospset
Peuura, Emyrti
Olesic, Elappc
Sal14, Hplicl
Sal24, Oretus
Sal9, Hpruss
Celong, Halien
Sal29, Onorve
Ichnin, Epurpu
Slappo, Ospeit
Claevi, Ofoeti
Cvitta, Oelaea
Sborea, Hnudip
Peuura, Egemmh
Hruber, Obridg
Pponta, Ogalla
Chalci, Ephyli
Slappo, Oretic
Ilappo, Odolic
Eacicu, Onorve
Esalic, Eatraa
Ilappo, Olappo
Chalci, Hcarin
Cincer, Emyrsi
Chalci, Ospset
Lflexi, Osamol
Pcynip, Ovimin
Etoxon, Ovimin
Pdolic, Egemmh
Ilappo, Osamol
Chalci, Eweiff
Bracin, Eelaea
Chalci, Etesta
Enobbe, Epurpu
Sal22, Obrevi
Ichnin, Oretus
Etorym, Obridg
Eacicu, Olappo
Etorym, Osamol
Svesic, Oarcti
Mvesic, Ovesic
Pdolic, Ovesic
Bobscu, Ovaria
Lalpio, Ovesic
Dwestw, Ofoeti
Svesic, Onigri
Svesic, Odolic
Anigro, Ovaria
Sal7, Hspirh
Svesic, Egemmf
Bkopel, Opprox
Sal1, Okriec
Polybl, Hangli
Pdolic, Eappen
Ccruxx, Oadaph
Cdorsa, Heryth
Ichnin, Ocolla
Llugen, Ofoeti
Chalci, Opustu
Enobbe, Elappc
Aminim, Obridg
Eurozo, Eweiff
Peuura, Ovesic
Pdolic, Osamol
Ichnin, Elappc
Peuura, Elanat
Pcynip, Ovaria
Sal25, Halien
Broman, Okriec
Bkopel, Oretic
Tspfou, Hangli
Adelog, Hpolit
Pdolic, Ovimin
Sal16, Hnudip
Anigro, Oobscu
Psoemi, Ohelve
Celong, Hpscho
Aminim, Ovimin
Lforti, Ehasta
Celong, Hleuca
Lalpic, Epurpu
Pdolic, Eciner
Sal32, Hsglab
Etorym, Oglabr
Adelog, Halien
Aacumi, Eaurit
Croman, Olappl
Anigro, Ohelve
Lforti, Evenus
Chalci, Okriec
Cvitta, Onorve
Svesic, Otrian
Ilappo, Opedun
Chalci, Hspira
Chalci, Heryth
Pcynip, Oherba
Adelog, Hleuco
Sgranu, Ovaria
Enobbe, Eaurit
Chalci, Esmyrs
Enobbe, Egemmf
Geliss, Obrevi
Bracin, Okriec
Ealbit, Oproxi
Ichnin, Eelaea
Pdolic, Oherba
Strico, Hplicd
Etorym, Obella
Svesic, Oobscu
Ireuni, Hpolit
Etoxon, Oadaph
Broman, Oobscu
Esalic, Eciner
Hruber, Onorve
Pdolic, Eboreo
Csalic, Enigri
Pdolic, Omyrti
Ichnin, Eboreo
Pponta, Oretic
Aminim, Opedun
Blivid, Ovimin
Ilappo, Onival
Claevi, Obridg
Pdolic, Ohelve
Binter, Onigri
Peuura, Egemmf
Broman, Ovaria
Pponta, Olappl
Pdolic, Oelaea
Chalci, Emyrti
Sal26, Otrian
Celong, Hplicd
Pponta, Omyrsi
Ilappo, Ovimin
Sal7, Omacul
Sal9, Hleuca
Sal3, Hischn
Pdolic, Emucro
Pponta, Ovaria
Esalic, Evenus
Saotis, Emucro
Aacumi, Epurpu
Bepitr, Ovesic
Sal11, Etesta
Ccruxx, Eaurit
Ireuni, Hpruss
Pdolic, Evenus
Sal43, Hacuti
Pcynip, Ovesic
Svesic, Hplicg
Sal14, Hacuti
Chalci, Eelaea
Etoxon, Ovesic
Svesic, Onival
Bracin, Eweiff
Sal5, Htuber
Pdolic, Oproxi
Pponta, Ehasta
Hruber, Oglabr
Saotis, Oproxi
Sal17, Onival
Apusil, Hspirh
Tspone, Ovesic
Sal14, Etesta
Celong, Olappo
Chalci, Hpurpu
Chalci, Ogalla
Ialter, Hischn
Rbrach, Hplicl
Sal18, Hleuco
Pdolic, Opedun
Chalci, Oadaph
Etoxon, Obridg
Strico, Hpolit
Slappo, Osamol
Esalic, Emyrsi
Lalpio, Ovimin
Bbrevi, Okriec
Peuura, Ehasta
Celong, Ohasta
Celong, Onigri
Lalpiu, Hleuco
Lflexi, Oglabr
Pponta, Olappo
Llugen, Obridg
Peuura, Oobscu
Bracin, Ovesic
Bbrevi, Enigri
Chalci, Olappl
Sal3, Onigri
Chalci, Emucro
Etorym, Okriec
Sal39, Hangli
Chalci, Omyrsi
Bpicti, Ovimin
Bracin, Obella
Esalic, Epurpu
Sal9, Obridg
Eurozo, Ovesic
Peuura, Eweiff
Llugen, Otrian
Apante, Oproxi
Bracin, Ovaria
Pdolic, Oobscu
Eacicu, Oglabr
Ccruxx, Okriec
Bracin, Opprox
Sal12, Etesta
Claevi, Onigri
Eacicu, Opustu
Broman, Olappl
Ccruxx, Obella
Peuura, Eatraa
Celong, Hcarin
Chalci, Ehasta
Bpulch, Okriec
Esalic, Eweiff
Svesic, Omyrti
Chalci, Hangli
Sal27, Elanat
Bpicti, Ovesic
Sal14, Elappc
Eacicu, Oglauc
Ppecti, Oobscu
Bdisco, Obella
Svesic, Hpolit
Eurozo, Ovimin
Chalci, Oarcti
Hruber, Oelaea
Pdolic, Omacul
Pponta, Oglauc
Mymari, Ohasta
Smorle, Hscapr
Etoxon, Ovaria
Svesic, Oglauc
Bracin, Oaacut
Eacicu, Etesta
Campop, Ogalla
Pterom, Omacul
Esalic, Elappo
Sgranu, Oglabr
Sal43, Hplicl
Celong, Odolic
Dcoleo, Hpruss
Broman, Oglauc
Pdolic, Oviril
Svesic, Elappc
Pdolic, Okriec
Smorle, Halien
Bracin, Enigri
Ealbit, Obridg
Pponta, Oglabr
Eurozo, Omacul
Bkopel, Ovaria
Eacicu, Olappl
Ichnin, Hplicl
Pcynip, Ocolla
Chalci, Elappo
Bracin, Eboreo
Bracin, Omyrti
Eacicu, Oretic
Chalci, Hacuti
Claevi, Oobscu
Eacicu, Oproxi
Sal41, Oarcti
Cvarie, Heryth
Bpicti, Ovaria
Geliss, Egemmh
Bracin, Hpruss
Sal17, Eboreo
Esalic, Emucro
Adelog, Hpurpu
Ccruxx, Eelaea
Sal6, Edaphn
Enobbe, Emyrti
Chalci, Omacul
Enobbe, Eatraa
Ichnin, Hoblit
Pdolic, Elappo
Pdolic, Oarcti
Adelog, Hleuca
Pponta, Ovesic
Sal34, Hoblit
Adelog, Hpruss
Broman, Egemmh
Lflexi, Ovaria
Bracin, Olappo
Sal1, Eelaea
Ichnin, Hspira
Ichnin, Heryth
Broman, Ofoeti
Aminim, Ogalla
Ichnsp, Obridg
Svesic, Oherba
Pdolic, Oretus
Enobbe, Evenus
Bracin, Hangli
Peuura, Eciner
Esalic, Eelaea
Smorle, Hplicg
Lflexi, Oretic
Ccruxx, Emucro
Bracin, Onorve
Hruber, Opustu
Celong, Hsglau
Svesic, Ohasta
Chalci, Osamol
Lalpic, Eelaea
Bracin, Opedun
Eanali, Hplicl
Bepitr, Oobscu
Chalci, Egemmc
Eacicu, Obella
Sal30, Emyrti
Broman, Onival
Claevi, Omacul
Ccruxx, Ocolla
Smorle, Hleuca
Hruber, Okriec
Svesic, Emyrti
Broman, Ovimin
Chalci, Obella
Acubic, Olappo
Croman, Hplicg
Pdolic, Oglauc
Pponta, Omacul
Sal21, Hcarin
Eanali, Hangli
Ccruxx, Opedun
Cincer, Obridg
Sal10, Ovimin
Smorle, Hspirh
Sal25, Emucro
Hruber, Ogalla
Sal25, Obella
Etoxon, Opedun
Esalic, Etesta
Svesic, Opustu
Svesic, Ovaria
Pcynip, Oadaph
Bracin, Ogalla
Aacumi, Etesta
Apusil, Hacuti
Pdolic, Egemmf
Ppumil, Hangli
Broman, Ovesic
Latole, Hischn
Spygid, Ofoeti
Adelog, Hspirh
Anigro, Oviril
Sal11, Hoblit
Pdolic, Oretic
Sal5, Ehasta
Ichnin, Oherba
Etorym, Ovaria
Pcynip, Okriec
Slappo, Omacul
Hruber, Ovesic
Epygma, Oelaea
Euryto, Ovimin
Enobbe, Eweiff
Binter, Okriec
Peuura, Eaurit
Chalci, Oproxi
Chalci, Ohelve
Chalci, Epurpu
Svesic, Ocolla
Ichnin, Enigri
Pdolic, Eelaea
Broman, Ospeit
Broman, Oretus
Svesic, Olappo
Pponta, Oarcti
Ilappo, Oarcti
Pponta, Evenus
Chalci, Oobscu
Spygid, Obrevi
Ibrevi, Hpolit
Ssubar, Hnudip
Svesic, Omonti
Dstram, Oproxi
Lpunct, Hischn
Enobbe, Elappo
Psauli, Obridg
Amorri, Ovesic
Cnrsub, Onigri
Cflavi, Hleuco
Claevi, Oglauc
Bepitr, Obella
Eacicu, Omonti
Pdolic, Olappl
Apusil, Hspira
Apusil, Heryth
Ealbit, Ovesic
Bconju, Ovimin
Ichnin, Omyrsi
Ireuni, Hpurpu
Eheyer, Ocolla
Sal25, Obridg
Ichnin, Olappl
Celong, Htuber
Sal2, Obridg
Enobbe, Edaphn
Sgranu, Onival
Svesic, Ospset
Etorym, Omonti
Broman, Obridg
Eacicu, Omyrsi
Anigro, Onorve
Sal8, Hplicg
Ireuni, Hleuca
Smorle, Hpruss
Hruber, Oadaph
Bconju, Oproxi
Mesole, Oobscu
Celong, Hacuti
Ichnin, Obrevi
Llappo, Elappc
Dlongi, Hangli
Epygma, Onigri
Chalci, Oviril
Ichnin, Oproxi
Ichnin, Hplicg
Anigro, Ohasta
Acubic, Heryth
Sal19, Emyrsi
Ichnin, Hsglau
Svesic, Obrevi
Broman, Ohasta
Sal4, Omonti
Pcynip, Ohasta
Enobbe, Emyrsi
Apusil, Hleuco
Ichnin, Hangli
Anigro, Olappo
Eacicu, Ogalla
Chalci, Eaurit
Peuura, Eappen
Chalci, Egemmf
Bracin, Oretus
Eacicu, Ovaria
Bepitr, Oadaph
Sal16, Oarcti
Pnemat, Oproxi
Claevi, Obella
Sal25, Eaurit
Adelog, Hischn
Bimmut, Oproxi
Sal14, Osamol
Bracin, Hnudip
Cflavi, Hplicp
Aminim, Edaphn
Aacumi, Eappen
Sgranu, Ohasta
Adelog, Hsglab
Sal31, Hangli
Mesole, Okriec
Smorle, Hpolit
Bbrevi, Oproxi
Ichnin, Oglabr
Peuura, Elappo
Sal49, Onigri
Lflexi, Onival
Bracin, Hleuca
Sal12, Eatraa
Aminim, Ocolla
Ibrevi, Ovimin
Enobbe, Eappen
Etorym, Ovimin
Bpicti, Okriec
Etorym, Onorve
Binter, Obridg
Bdisco, Ovesic
Bracin, Ohelve
Enobbe, Esmyrt
Atroch, Htuber
Eacicu, Ocolla
Pdolic, Ospset
Ccruxx, Evenus
Llugen, Oobscu
Sal18, Evenus
Chalci, Hischn
Gornat, Eweiff
Sal8, Onival
Bracin, Omonti
Sal30, Esmyrt
Pdolic, Epurpu
Apusil, Hpruss
Slappo, Olappo
Apusil, Hleuca
Ccruxx, Oproxi
Etorym, Ocolla
Chalci, Oretus
Coreop, Hplicg
Strico, Hplicg
Pdolic, Ogalla
Srenov, Hscapr
Broman, Olappo
Acubic, Opustu
Bkopel, Oobscu
Celong, Hischn
Sal33, Ovaria
Lforti, Emucro
Bkopel, Obrevi
Eacicu, Emyrti
Pponta, Oherba
Chalci, Eciner
Sal12, Oproxi
Mesole, Hscapr
Sal16, Opustu
Celong, Hplicp
Ichnin, Onival
Epygma, Olappo
Sal48, Oaacut
Aminim, Eelaea
Sal14, Elappo
Svesic, Eweiff
Mspone, Epurpu
Pponta, Eboreo
Apusil, Hangli
Celong, Oglauc
Lforti, Eboreo
Bracin, Hplicp
Chalci, Elappc
Enobbe, Emucro
Ichnin, Halien
Adelog, Htuber
Binter, Ovimin
Celong, Hspecc
Bconju, Ovesic
Pponta, Ohelve
Chalci, Onigri
Celong, Hscapr
Smorle, Hplicl
Aminim, Ovesic
Olesic, Obridg
Pdolic, Obella
Sal49, Odolic
Apusil, Hplicl
Adelog, Hplicd
Sal16, Odolic
Pdolic, Ovaria
Ichnin, Elanat
Svesic, Oaacut
Bdisco, Obridg
Chalci, Edaphn
Ichnin, Oadaph
Bracin, Oobscu
Ppumil, Hpurpu
Bracin, Obrevi
Aminim, Etesta
Bpulch, Ovesic
Ccruxx, Oviril
Smorle, Hangli
Sal5, Ohasta
Eacicu, Opedun
Svesic, Oadaph
Lflexi, Omyrsi
Bbrevi, Obridg
Apusil, Hischn
Enobbe, Eelaea
Ichnin, Emyrsi
Chalci, Olappo
Tspone, Oobscu
Eurozo, Oproxi
Sal51, Hpruss
Bracin, Omacul
Eacicu, Ofoeti
Celong, Hspirh
Slappo, Hischn
Aacumi, Eatraa
Sal45, Ospset
Epygma, Odolic
Epygma, Oarcti
Sal47, Osamol
Ichnin, Hnudip
Pponta, Onigri
Etorym, Omyrti
Csalic, Opedun
Strico, Hoblit
Pdolic, Onigri
Etorym, Oadaph
Dstram, Heryth
Cflavi, Oobscu
Sal30, Omyrti
Eacicu, Edaphn
Binter, Ofoeti
Svesic, Osamol
Dstram, Opedun
Ilappo, Obridg
Bepitr, Okriec
Sal28, Oherba
Ichnin, Hleuca
Pdolic, Obridg
Hruber, Oretic
Hruber, Odolic
Hruber, Oarcti
Ilappo, Ovaria
Ccruxx, Ovaria
Peuura, Emyrsi
Ichnin, Osamol
Ichnin, Obridg
Etorym, Ohasta
Etorym, Oretus
Ccruxx, Oelaea
Adelog, Hspira
Adelog, Heryth
Chalci, Hleuco
Anigro, Oadaph
Svesic, Obella
Bpicti, Ogalla
Pdolic, Odolic
Pnemat, Otrian
Eacicu, Ohasta
Sal42, Hacuti
Hruber, Ohelve
Mesole, Oretus
Chalci, Opedun
Adelog, Hoblit
Bracin, Hplicg
Bkopel, Oglauc
Bracin, Oarcti
Adelog, Hanoma
Celong, Omyrsi
Sal2, Hpscho
Ichnin, Ohasta
Salcal, Ohelve
Sal35, Ocolla
Sal18, Enigri
Smorle, Hischn
Chalci, Ospeit
Sal37, Opedun
Ilappo, Omyrsi
Salpin, Oobscu
Bimmut, Opprox
Chalci, Hplicg
Chalci, Opprox
Pdolic, Opustu
Tsptwo, Okriec
Mvesic, Emucro
Tspthr, Okriec
Ccruxx, Onigri
Bracin, Onival
Pcynip, Onorve
Sal13, Ocolla
Svesic, Oglabr
Celong, Hpruss
Torymu, Eweiff
Hruber, Omacul
Aalvea, Ovesic
Croman, Hischn
Tspsix, Ovimin
Etorym, Ospset
Binter, Ovesic
Sal10, Hpolit
Adelog, Hplicg
Broman, Oglabr
Chalci, Ovesic
Tspfiv, Obridg
Sal27, Oglabr
Hruber, Ohasta
Etaige, Htuber
Chalci, Hpruss
Bdisco, Ofoeti
Bobscu, Obrevi
Lforti, Elappc
Bracin, Hacuti
Bbrevi, Ogalla
Sal36, Evenus
Mesole, Onival
Bracin, Oglauc
Hruber, Olappo
Chalci, Eboreo
Svesic, Olappl
Epygma, Oviril
Pcynip, Ogalla
Bracin, Oadaph
Enobbe, Ehasta
Espone, Hangli
Sal46, Ohasta
Bepitr, Ogalla
Chalci, Eatraa
Apusil, Halien
Saotis, Halien
Peuura, Edaphn
Ichnin, Oretic
Chalci, Enigri
Lpunct, Halien
Pcynip, Ospset
Sal8, Eboreo
Ichnin, Olappo
Epygma, Onival
Pdolic, Obrevi
Broman, Odolic
Slappo, Onigri
Bracin, Ohasta
Apusil, Hpolit
Sal18, Ogalla
Ccruxx, Ogalla
Eacicu, Omacul
Celong, Hoblit
Pdolic, Edaphn
Sal10, Oviril
Broman, Osamol
Celong, Hnudip
Lflexi, Oarcti
Lpunct, Hplicl
Ichnin, Omacul
Sal18, Ospset
Eacicu, Omyrti
Cvitta, Ohasta
Chalci, Oretic
Chalci, Obrevi
Apusil, Hplicd
Cvitta, Onigri
Ichnin, Eatraa
Sal36, Obridg
Sal40, Oobscu
Pdolic, Ofoeti
Chalci, Halien
Etorym, Onival
Pdolic, Oglabr
Chalci, Oelaea
Sal27, Hslana
Svesic, Etesta
Sal17, Oglauc
Ichnin, Ofoeti
Bracin, Onigri
Aminim, Oadaph
Themip, Oviril
Chalci, Ovaria
Eacicu, Esmyrt
Adelog, Hangli
Sal17, Hplicg
Slappo, Ohasta
Spygid, Ovaria
Ilappo, Okriec
Hruber, Omonti
Bracin, Hanoma
Mesole, Obrevi
Ichnin, Oobscu
Eacicu, Evenus
Acubic, Osamol
Ichnin, Hpolit
Ilappo, Obella
Ilappo, Emyrsi
Slappo, Oobscu
Sal9, Eciner
Eacicu, Oarcti
Sal7, Egemmh
Pdolic, Etesta
Svesic, Ofoeti
Ccruxx, Oarcti
Sal2, Hspira
Bracin, Odolic
Cdorsa, Halien
Hruber, Onigri
Latole, Obridg
Sal18, Hscapr
Pponta, Obrevi
Chalci, Evenus
Sal15, Omyrsi
Ccruxx, Opprox
Pponta, Oobscu
Sal14, Olappo
Aacumi, Enigri
Svesic, Onorve
Aacumi, Hischn
Chalci, Omonti
Chalci, Esubge
Bracin, Hischn
Lflexi, Ohasta
Pponta, Odolic
Sal25, Evenus
Broman, Oretic
Aminim, Obella
Sal21, Opprox
Strico, Hpruss
Sal2, Eappen
Slappo, Olappl
Bracin, Opustu
Sgranu, Onorve
Pclavi, Oproxi
Sal16, Hplicp
Ccruxx, Ovesic
Chalci, Ovimin
Eacicu, Oherba
Ichnin, Ovesic
Acubic, Oarcti
Pponta, Osamol
Bkopel, Obridg
Sal9, Egemmc
Chalci, Hleuca
Pcynip, Eweiff
Ichnin, Onigri
Bracin, Ovimin
Aalvea, Ovaria
Ccruxx, Enigri
Srenov, Hanoma
Mesole, Onigri
Eacicu, Oadaph
Svesic, Opedun
Peuura, Eboreo
Svesic, Oviril
Ichnin, Elappo
Eacicu, Onigri
Sal19, Ovaria
Celong, Hspira
Celong, Heryth
Eacicu, Opolar
Claevi, Emucro
Strico, Hnudip
Sal14, Olappl
Pdolic, Oadaph
Atymbe, Oelaea
Cvitta, Oarcti
Ichnin, Omonti
Bracin, Ospset
Pdolic, Emyrsi
Bbrevi, Obella
Hruber, Ovimin
Sal20, Omonti
Esalic, Elanat
Ichnin, Eweiff
Pdolic, Omonti
Etorym, Omyrsi
Mesole, Eweiff
Acubic, Oherba
Chalci, Odolic
Aminim, Oproxi
Pnemat, Obridg
Sal34, Eatraa
Sal50, Opolar
Pdolic, Ohasta
Pponta, Ohasta
Aminim, Evenus
Blivid, Ovesic
Bdisco, Oproxi
Ilappo, Oglabr
Slappo, Onival
Ichnin, Ehasta
Bepitr, Onival
Etorym, Ogalla
Tspfiv, Okriec
Celong, Hangli
Broman, Oarcti
Sal4, Oobscu
Ichnin, Opustu
Etoxon, Oproxi
Broman, Obrevi
Ealbit, Ovimin
Chalci, Ocolla
Svesic, Ohelve
Sal18, Obridg
Atroch, Hnudip
Mesole, Ovaria
Sal1, Oelaea
Celong, Hpolit
Bepitr, Ovimin
Lforti, Elappo
Slappo, Ofoeti
Ichnin, Ovaria
Sal4, Ofoeti
Ichnin, Oglauc
Celong, Hplicg
Sal20, Oobscu
Celong, Hplicl
Coreop, Olappl
Svesic, Obridg
Etorym, Oobscu
Pdolic, Elappc
Chalci, Otrian
Tspfiv, Ovimin
Slappo, Oglauc
Anigro, Oretus
Sal34, Oproxi
Bracin, Hpolit
Bimmut, Enigri
Bkopel, Oherba
Hruber, Osamol
Pdolic, Omyrsi
Pdolic, Eweiff
Chalci, Oherba
Aacumi, Eciner
Sal10, Hpurpu
Ichnin, Odolic
Pponta, Ofoeti
Pponta, Onival
