Pcynip, Site131, 1.0
Pcynip, Site004, 1.0
Pcynip, Site056, 1.0
Pcynip, Site137, 1.0
Pcynip, Site021, 1.0
Pcynip, Site102, 1.0
Pcynip, Site245, 1.0
Pcynip, Site057, 1.0
Pcynip, Site002, 1.0
Pcynip, Site142, 1.0
Pcynip, Site023, 1.0
Pcynip, Site144, 1.0
Pcynip, Site009, 1.0
Pcynip, Site052, 1.0
Pcynip, Site008, 1.0
Pcynip, Site020, 1.0
Pcynip, Site036, 1.0
Pcynip, Site095, 1.0
Pcynip, Site188, 1.0
Pcynip, Site153, 1.0
Pcynip, Site192, 1.0
Blivid, Site103, 1.0
Blivid, Site113, 1.0
Aacumi, Site106, 1.0
Aacumi, Site111, 1.0
Aacumi, Site105, 1.0
Aacumi, Site024, 1.0
Aacumi, Site298, 1.0
Aacumi, Site033, 1.0
Aacumi, Site112, 1.0
Aacumi, Site021, 1.0
Aacumi, Site179, 1.0
Aacumi, Site182, 1.0
Aacumi, Site188, 1.0
Aacumi, Site297, 1.0
Aacumi, Site022, 1.0
Aacumi, Site171, 1.0
Aacumi, Site098, 1.0
Aacumi, Site142, 1.0
Aacumi, Site197, 1.0
Aacumi, Site019, 1.0
Aacumi, Site183, 1.0
Aacumi, Site175, 1.0
Aacumi, Site020, 1.0
Aacumi, Site181, 1.0
Aacumi, Site176, 1.0
Aacumi, Site115, 1.0
Aacumi, Site109, 1.0
Aacumi, Site108, 1.0
Aacumi, Site041, 1.0
Aacumi, Site062, 1.0
Ibrevi, Site189, 1.0
Ibrevi, Site115, 1.0
Ibrevi, Site126, 1.0
Ibrevi, Site191, 1.0
Ibrevi, Site188, 1.0
Ibrevi, Site041, 1.0
Sal32, Site122, 1.0
Sal32, Site127, 1.0
Sal32, Site128, 1.0
Hleuco, Site349, 1.0
Hleuco, Site294, 1.0
Hleuco, Site308, 1.0
Hleuco, Site325, 1.0
Hleuco, Site144, 1.0
Hleuco, Site048, 1.0
Hleuco, Site359, 1.0
Hleuco, Site270, 1.0
Hleuco, Site262, 1.0
Hleuco, Site333, 1.0
Hleuco, Site324, 1.0
Hleuco, Site306, 1.0
Hleuco, Site361, 1.0
Hleuco, Site360, 1.0
Hleuco, Site362, 1.0
Hleuco, Site341, 1.0
Hleuco, Site335, 1.0
Hleuco, Site188, 1.0
Hleuco, Site334, 1.0
Hleuco, Site261, 1.0
Hleuco, Site149, 1.0
Hleuco, Site353, 1.0
Hleuco, Site332, 1.0
Hleuco, Site340, 1.0
Hleuco, Site215, 1.0
Hleuco, Site018, 1.0
Hleuco, Site088, 1.0
Hleuco, Site336, 1.0
Hleuco, Site339, 1.0
Hleuco, Site269, 1.0
Hleuco, Site092, 1.0
Hleuco, Site307, 1.0
Hleuco, Site300, 1.0
Hleuco, Site259, 1.0
Hleuco, Site337, 1.0
Hleuco, Site274, 1.0
Halien, Site139, 1.0
Halien, Site366, 1.0
Halien, Site349, 1.0
Halien, Site164, 1.0
Halien, Site333, 1.0
Halien, Site169, 1.0
Halien, Site116, 1.0
Halien, Site098, 1.0
Halien, Site325, 1.0
Halien, Site287, 1.0
Halien, Site282, 1.0
Halien, Site291, 1.0
Halien, Site259, 1.0
Halien, Site303, 1.0
Halien, Site281, 1.0
Halien, Site311, 1.0
Halien, Site374, 1.0
Halien, Site018, 1.0
Halien, Site262, 1.0
Campop, Site057, 1.0
Cflavi, Site362, 1.0
Cflavi, Site035, 1.0
Cflavi, Site044, 1.0
Cflavi, Site002, 1.0
Ireuni, Site300, 1.0
Ireuni, Site310, 1.0
Ireuni, Site291, 1.0
Ireuni, Site272, 1.0
Ireuni, Site302, 1.0
Ireuni, Site271, 1.0
Ctrifa, Site005, 1.0
Lforti, Site019, 1.0
Lforti, Site016, 1.0
Lforti, Site088, 1.0
Lforti, Site078, 1.0
Lforti, Site053, 1.0
Dstram, Site366, 1.0
Dstram, Site224, 1.0
Dstram, Site061, 1.0
Hplicd, Site255, 1.0
Hplicd, Site252, 1.0
Hplicd, Site093, 1.0
Hplicd, Site102, 1.0
Hplicd, Site020, 1.0
Hplicd, Site109, 1.0
Hplicd, Site104, 1.0
Mesole, Site143, 1.0
Mesole, Site020, 1.0
Mesole, Site195, 1.0
Mesole, Site142, 1.0
Mesole, Site188, 1.0
Mesole, Site024, 1.0
Mesole, Site192, 1.0
Mesole, Site134, 1.0
Euryto, Site157, 1.0
Acubic, Site043, 1.0
Acubic, Site046, 1.0
Acubic, Site155, 1.0
Acubic, Site016, 1.0
Acubic, Site015, 1.0
Acubic, Site090, 1.0
Acubic, Site045, 1.0
Acubic, Site085, 1.0
Acubic, Site053, 1.0
Acubic, Site078, 1.0
Acubic, Site020, 1.0
Acubic, Site116, 1.0
Acubic, Site047, 1.0
Acubic, Site058, 1.0
Acubic, Site052, 1.0
Acubic, Site073, 1.0
Acubic, Site042, 1.0
Acubic, Site274, 1.0
Acubic, Site237, 1.0
Hspecc, Site333, 1.0
Hspecc, Site336, 1.0
Hspecc, Site291, 1.0
Hacuti, Site043, 1.0
Hacuti, Site091, 1.0
Hacuti, Site090, 1.0
Hacuti, Site353, 1.0
Hacuti, Site285, 1.0
Hacuti, Site053, 1.0
Hacuti, Site369, 1.0
Hacuti, Site047, 1.0
Hacuti, Site211, 1.0
Hacuti, Site085, 1.0
Hacuti, Site214, 1.0
Hacuti, Site286, 1.0
Hacuti, Site274, 1.0
Onival, Site071, 1.0
Onival, Site052, 1.0
Onival, Site048, 1.0
Onival, Site024, 1.0
Onival, Site237, 1.0
Onival, Site143, 1.0
Onival, Site043, 1.0
Onival, Site046, 1.0
Onival, Site077, 1.0
Onival, Site075, 1.0
Onival, Site107, 1.0
Onival, Site016, 1.0
Onival, Site044, 1.0
Onival, Site090, 1.0
Onival, Site015, 1.0
Onival, Site047, 1.0
Onival, Site042, 1.0
Onival, Site034, 1.0
Onival, Site055, 1.0
Onival, Site005, 1.0
Onival, Site078, 1.0
Onival, Site238, 1.0
Onival, Site026, 1.0
Onival, Site276, 1.0
Lalpic, Site108, 1.0
Lalpic, Site104, 1.0
Bkopel, Site190, 1.0
Bkopel, Site046, 1.0
Bkopel, Site085, 1.0
Bkopel, Site229, 1.0
Bkopel, Site075, 1.0
Bkopel, Site002, 1.0
Bkopel, Site198, 1.0
Bkopel, Site055, 1.0
Bkopel, Site076, 1.0
Bkopel, Site194, 1.0
Bkopel, Site192, 1.0
Bkopel, Site295, 1.0
Ofoeti, Site066, 1.0
Ofoeti, Site027, 1.0
Ofoeti, Site020, 1.0
Ofoeti, Site002, 1.0
Ofoeti, Site171, 1.0
Ofoeti, Site193, 1.0
Ofoeti, Site100, 1.0
Ofoeti, Site035, 1.0
Ofoeti, Site028, 1.0
Ofoeti, Site081, 1.0
Ofoeti, Site194, 1.0
Ofoeti, Site192, 1.0
Ofoeti, Site110, 1.0
Egemmh, Site005, 1.0
Egemmh, Site033, 1.0
Egemmh, Site080, 1.0
Egemmh, Site027, 1.0
Egemmh, Site107, 1.0
Egemmh, Site079, 1.0
Egemmh, Site025, 1.0
Egemmh, Site026, 1.0
Egemmh, Site034, 1.0
Egemmh, Site028, 1.0
Egemmh, Site081, 1.0
Egemmh, Site138, 1.0
Cdorsa, Site282, 1.0
Cdorsa, Site169, 1.0
Sal48, Site319, 1.0
Sal48, Site250, 1.0
Aminim, Site190, 1.0
Aminim, Site150, 1.0
Aminim, Site141, 1.0
Aminim, Site093, 1.0
Aminim, Site060, 1.0
Aminim, Site189, 1.0
Aminim, Site099, 1.0
Aminim, Site008, 1.0
Aminim, Site116, 1.0
Aminim, Site358, 1.0
Aminim, Site009, 1.0
Aminim, Site191, 1.0
Aminim, Site067, 1.0
Aminim, Site130, 1.0
Aminim, Site095, 1.0
Aminim, Site233, 1.0
Aminim, Site041, 1.0
Aminim, Site113, 1.0
Aminim, Site185, 1.0
Aminim, Site094, 1.0
Lflexi, Site077, 1.0
Lflexi, Site046, 1.0
Lflexi, Site045, 1.0
Lflexi, Site015, 1.0
Lflexi, Site071, 1.0
Lflexi, Site078, 1.0
Lflexi, Site053, 1.0
Lflexi, Site075, 1.0
Lflexi, Site052, 1.0
Lflexi, Site082, 1.0
Lflexi, Site042, 1.0
Lflexi, Site055, 1.0
Bobscu, Site194, 1.0
Bobscu, Site192, 1.0
Geliss, Site027, 1.0
Geliss, Site107, 1.0
Hangli, Site260, 1.0
Hangli, Site327, 1.0
Hangli, Site247, 1.0
Hangli, Site117, 1.0
Hangli, Site311, 1.0
Hangli, Site233, 1.0
Hangli, Site319, 1.0
Hangli, Site136, 1.0
Hangli, Site186, 1.0
Hangli, Site326, 1.0
Hangli, Site009, 1.0
Hangli, Site114, 1.0
Hangli, Site190, 1.0
Hangli, Site191, 1.0
Hangli, Site187, 1.0
Hangli, Site118, 1.0
Hangli, Site313, 1.0
Hangli, Site300, 1.0
Hangli, Site126, 1.0
Hangli, Site135, 1.0
Hangli, Site041, 1.0
Hangli, Site290, 1.0
Hangli, Site006, 1.0
Sal3, Site004, 1.0
Sal3, Site064, 1.0
Sal3, Site159, 1.0
Sal3, Site071, 1.0
Sal3, Site252, 1.0
Sal3, Site045, 1.0
Sal3, Site069, 1.0
Sal3, Site053, 1.0
Sal3, Site144, 1.0
Sal3, Site172, 1.0
Sal3, Site231, 1.0
Sal3, Site017, 1.0
Sal3, Site081, 1.0
Sal3, Site024, 1.0
Sal3, Site350, 1.0
Sal3, Site077, 1.0
Sal3, Site143, 1.0
Sal3, Site255, 1.0
Sal3, Site033, 1.0
Sal3, Site021, 1.0
Sal3, Site280, 1.0
Sal3, Site354, 1.0
Sal3, Site075, 1.0
Sal3, Site082, 1.0
Sal3, Site228, 1.0
Sal3, Site357, 1.0
Sal3, Site035, 1.0
Sal3, Site284, 1.0
Sal3, Site286, 1.0
Sal3, Site188, 1.0
Sal3, Site355, 1.0
Sal3, Site277, 1.0
Sal3, Site235, 1.0
Sal3, Site137, 1.0
Sal3, Site353, 1.0
Sal3, Site275, 1.0
Sal3, Site027, 1.0
Sal3, Site121, 1.0
Sal3, Site191, 1.0
Sal3, Site152, 1.0
Sal3, Site101, 1.0
Sal3, Site055, 1.0
Sal3, Site074, 1.0
Sal3, Site153, 1.0
Sal3, Site373, 1.0
Sal3, Site208, 1.0
Sal3, Site001, 1.0
Sal3, Site005, 1.0
Sal3, Site236, 1.0
Sal3, Site088, 1.0
Sal3, Site210, 1.0
Sal3, Site209, 1.0
Sal3, Site283, 1.0
Sal3, Site140, 1.0
Sal3, Site078, 1.0
Sal3, Site002, 1.0
Sal3, Site067, 1.0
Sal3, Site281, 1.0
Sal3, Site163, 1.0
Sal3, Site318, 1.0
Sal3, Site192, 1.0
Sal3, Site348, 1.0
Ovaria, Site004, 1.0
Ovaria, Site064, 1.0
Ovaria, Site045, 1.0
Ovaria, Site071, 1.0
Ovaria, Site069, 1.0
Ovaria, Site144, 1.0
Ovaria, Site172, 1.0
Ovaria, Site231, 1.0
Ovaria, Site017, 1.0
Ovaria, Site081, 1.0
Ovaria, Site024, 1.0
Ovaria, Site077, 1.0
Ovaria, Site143, 1.0
Ovaria, Site255, 1.0
Ovaria, Site033, 1.0
Ovaria, Site021, 1.0
Ovaria, Site280, 1.0
Ovaria, Site075, 1.0
Ovaria, Site082, 1.0
Ovaria, Site035, 1.0
Ovaria, Site277, 1.0
Ovaria, Site027, 1.0
Ovaria, Site191, 1.0
Ovaria, Site055, 1.0
Ovaria, Site153, 1.0
Ovaria, Site001, 1.0
Ovaria, Site140, 1.0
Ovaria, Site005, 1.0
Ovaria, Site088, 1.0
Ovaria, Site236, 1.0
Ovaria, Site132, 1.0
Ovaria, Site078, 1.0
Ovaria, Site020, 1.0
Ovaria, Site002, 1.0
Ovaria, Site067, 1.0
Ovaria, Site192, 1.0
Ovaria, Site348, 1.0
Lpunct, Site210, 1.0
Lpunct, Site091, 1.0
Lpunct, Site169, 1.0
Lpunct, Site356, 1.0
Lpunct, Site282, 1.0
Lpunct, Site281, 1.0
Lpunct, Site074, 1.0
Lpunct, Site208, 1.0
Sal27, Site143, 1.0
Sal27, Site077, 1.0
Sal27, Site016, 1.0
Sal27, Site046, 1.0
Sal27, Site074, 1.0
Sal27, Site071, 1.0
Sal27, Site090, 1.0
Sal27, Site078, 1.0
Sal27, Site053, 1.0
Sal27, Site084, 1.0
Sal27, Site082, 1.0
Sal27, Site052, 1.0
Sal27, Site286, 1.0
Sal27, Site042, 1.0
Sal27, Site055, 1.0
Sal18, Site056, 1.0
Sal18, Site349, 1.0
Sal18, Site294, 1.0
Sal18, Site308, 1.0
Sal18, Site089, 1.0
Sal18, Site325, 1.0
Sal18, Site144, 1.0
Sal18, Site048, 1.0
Sal18, Site041, 1.0
Sal18, Site359, 1.0
Sal18, Site270, 1.0
Sal18, Site262, 1.0
Sal18, Site151, 1.0
Sal18, Site143, 1.0
Sal18, Site201, 1.0
Sal18, Site141, 1.0
Sal18, Site267, 1.0
Sal18, Site173, 1.0
Sal18, Site333, 1.0
Sal18, Site162, 1.0
Sal18, Site306, 1.0
Sal18, Site234, 1.0
Sal18, Site361, 1.0
Sal18, Site360, 1.0
Sal18, Site057, 1.0
Sal18, Site324, 1.0
Sal18, Site148, 1.0
Sal18, Site362, 1.0
Sal18, Site341, 1.0
Sal18, Site335, 1.0
Sal18, Site188, 1.0
Sal18, Site329, 1.0
Sal18, Site202, 1.0
Sal18, Site149, 1.0
Sal18, Site334, 1.0
Sal18, Site261, 1.0
Sal18, Site323, 1.0
Sal18, Site029, 1.0
Sal18, Site347, 1.0
Sal18, Site353, 1.0
Sal18, Site332, 1.0
Sal18, Site098, 1.0
Sal18, Site019, 1.0
Sal18, Site274, 1.0
Sal18, Site340, 1.0
Sal18, Site037, 1.0
Sal18, Site293, 1.0
Sal18, Site152, 1.0
Sal18, Site215, 1.0
Sal18, Site264, 1.0
Sal18, Site018, 1.0
Sal18, Site153, 1.0
Sal18, Site088, 1.0
Sal18, Site236, 1.0
Sal18, Site336, 1.0
Sal18, Site339, 1.0
Sal18, Site269, 1.0
Sal18, Site257, 1.0
Sal18, Site243, 1.0
Sal18, Site092, 1.0
Sal18, Site169, 1.0
Sal18, Site307, 1.0
Sal18, Site300, 1.0
Sal18, Site259, 1.0
Sal18, Site328, 1.0
Sal18, Site337, 1.0
Sal18, Site318, 1.0
Sal18, Site295, 1.0
Sal8, Site005, 1.0
Sal8, Site107, 1.0
Sal8, Site346, 1.0
Sal8, Site026, 1.0
Sal8, Site034, 1.0
Sal8, Site024, 1.0
Amorri, Site060, 1.0
Oarcti, Site143, 1.0
Oarcti, Site016, 1.0
Oarcti, Site077, 1.0
Oarcti, Site043, 1.0
Oarcti, Site074, 1.0
Oarcti, Site015, 1.0
Oarcti, Site285, 1.0
Oarcti, Site053, 1.0
Oarcti, Site169, 1.0
Oarcti, Site238, 1.0
Oarcti, Site073, 1.0
Oarcti, Site052, 1.0
Oarcti, Site144, 1.0
Oarcti, Site082, 1.0
Oarcti, Site049, 1.0
Oarcti, Site055, 1.0
Sborea, Site353, 1.0
Sborea, Site208, 1.0
Epurpu, Site124, 1.0
Epurpu, Site106, 1.0
Epurpu, Site111, 1.0
Epurpu, Site109, 1.0
Epurpu, Site299, 1.0
Epurpu, Site108, 1.0
Epurpu, Site028, 1.0
Epurpu, Site173, 1.0
Epurpu, Site024, 1.0
Epurpu, Site041, 1.0
Tspone, Site002, 1.0
Tspone, Site185, 1.0
Ichnsp, Site347, 1.0
Sal15, Site016, 1.0
Sal15, Site046, 1.0
Sal15, Site015, 1.0
Sal15, Site285, 1.0
Sal15, Site075, 1.0
Sal15, Site147, 1.0
Sal15, Site146, 1.0
Sal15, Site055, 1.0
Sal15, Site239, 1.0
Sal15, Site083, 1.0
Sal26, Site258, 1.0
Sal26, Site116, 1.0
Sal26, Site109, 1.0
Sal26, Site039, 1.0
Sal26, Site187, 1.0
Sal26, Site153, 1.0
Sal26, Site222, 1.0
Claevi, Site140, 1.0
Claevi, Site016, 1.0
Claevi, Site046, 1.0
Claevi, Site091, 1.0
Claevi, Site088, 1.0
Claevi, Site071, 1.0
Claevi, Site078, 1.0
Claevi, Site085, 1.0
Claevi, Site020, 1.0
Claevi, Site002, 1.0
Claevi, Site026, 1.0
Dcoleo, Site119, 1.0
Sal46, Site143, 1.0
Emyrsi, Site350, 1.0
Emyrsi, Site137, 1.0
Emyrsi, Site071, 1.0
Emyrsi, Site280, 1.0
Emyrsi, Site027, 1.0
Emyrsi, Site163, 1.0
Emyrsi, Site020, 1.0
Emyrsi, Site152, 1.0
Emyrsi, Site017, 1.0
Emyrsi, Site101, 1.0
Emyrsi, Site055, 1.0
Csalic, Site224, 1.0
Csalic, Site188, 1.0
Sal11, Site189, 1.0
Sal11, Site254, 1.0
Sal11, Site270, 1.0
Sal11, Site186, 1.0
Sal11, Site060, 1.0
Sal11, Site038, 1.0
Sal11, Site291, 1.0
Sal11, Site249, 1.0
Sal11, Site301, 1.0
Sal11, Site190, 1.0
Sal11, Site241, 1.0
Sal11, Site013, 1.0
Sal11, Site242, 1.0
Sal11, Site197, 1.0
Sal11, Site191, 1.0
Sal11, Site130, 1.0
Sal11, Site011, 1.0
Sal11, Site184, 1.0
Sal11, Site176, 1.0
Sal11, Site007, 1.0
Sal11, Site342, 1.0
Sal11, Site062, 1.0
Sal11, Site134, 1.0
Hpscho, Site261, 1.0
Hpscho, Site255, 1.0
Hpscho, Site193, 1.0
Hpscho, Site344, 1.0
Hpscho, Site221, 1.0
Hpscho, Site343, 1.0
Ichnin, Site278, 1.0
Ichnin, Site260, 1.0
Ichnin, Site045, 1.0
Ichnin, Site159, 1.0
Ichnin, Site071, 1.0
Ichnin, Site106, 1.0
Ichnin, Site252, 1.0
Ichnin, Site372, 1.0
Ichnin, Site053, 1.0
Ichnin, Site296, 1.0
Ichnin, Site195, 1.0
Ichnin, Site111, 1.0
Ichnin, Site052, 1.0
Ichnin, Site287, 1.0
Ichnin, Site036, 1.0
Ichnin, Site100, 1.0
Ichnin, Site048, 1.0
Ichnin, Site204, 1.0
Ichnin, Site194, 1.0
Ichnin, Site151, 1.0
Ichnin, Site120, 1.0
Ichnin, Site043, 1.0
Ichnin, Site046, 1.0
Ichnin, Site186, 1.0
Ichnin, Site112, 1.0
Ichnin, Site021, 1.0
Ichnin, Site085, 1.0
Ichnin, Site333, 1.0
Ichnin, Site075, 1.0
Ichnin, Site107, 1.0
Ichnin, Site273, 1.0
Ichnin, Site009, 1.0
Ichnin, Site282, 1.0
Ichnin, Site286, 1.0
Ichnin, Site301, 1.0
Ichnin, Site221, 1.0
Ichnin, Site218, 1.0
Ichnin, Site188, 1.0
Ichnin, Site076, 1.0
Ichnin, Site145, 1.0
Ichnin, Site016, 1.0
Ichnin, Site323, 1.0
Ichnin, Site091, 1.0
Ichnin, Site190, 1.0
Ichnin, Site090, 1.0
Ichnin, Site027, 1.0
Ichnin, Site285, 1.0
Ichnin, Site177, 1.0
Ichnin, Site353, 1.0
Ichnin, Site047, 1.0
Ichnin, Site116, 1.0
Ichnin, Site191, 1.0
Ichnin, Site193, 1.0
Ichnin, Site293, 1.0
Ichnin, Site042, 1.0
Ichnin, Site196, 1.0
Ichnin, Site187, 1.0
Ichnin, Site101, 1.0
Ichnin, Site153, 1.0
Ichnin, Site055, 1.0
Ichnin, Site212, 1.0
Ichnin, Site110, 1.0
Ichnin, Site062, 1.0
Ichnin, Site005, 1.0
Ichnin, Site236, 1.0
Ichnin, Site088, 1.0
Ichnin, Site356, 1.0
Ichnin, Site020, 1.0
Ichnin, Site002, 1.0
Ichnin, Site213, 1.0
Ichnin, Site119, 1.0
Ichnin, Site317, 1.0
Ichnin, Site126, 1.0
Ichnin, Site173, 1.0
Ichnin, Site041, 1.0
Ichnin, Site274, 1.0
Ichnin, Site192, 1.0
Lalpiu, Site144, 1.0
Mvesic, Site009, 1.0
Mvesic, Site019, 1.0
Mvesic, Site008, 1.0
Mvesic, Site142, 1.0
Mvesic, Site060, 1.0
Sgranu, Site143, 1.0
Sgranu, Site056, 1.0
Sgranu, Site046, 1.0
Sgranu, Site151, 1.0
Sgranu, Site078, 1.0
Sgranu, Site050, 1.0
Sgranu, Site017, 1.0
Sgranu, Site348, 1.0
Pterom, Site034, 1.0
Sal36, Site221, 1.0
Sal36, Site188, 1.0
Hpurpu, Site260, 1.0
Hpurpu, Site321, 1.0
Hpurpu, Site322, 1.0
Hpurpu, Site323, 1.0
Hpurpu, Site252, 1.0
Hpurpu, Site255, 1.0
Hpurpu, Site316, 1.0
Hpurpu, Site300, 1.0
Hpurpu, Site358, 1.0
Hpurpu, Site291, 1.0
Hpurpu, Site254, 1.0
Hpurpu, Site301, 1.0
Hpurpu, Site299, 1.0
Hpurpu, Site221, 1.0
Hpurpu, Site290, 1.0
Cnrsub, Site020, 1.0
Anigro, Site004, 1.0
Anigro, Site046, 1.0
Anigro, Site047, 1.0
Anigro, Site228, 1.0
Anigro, Site109, 1.0
Anigro, Site036, 1.0
Anigro, Site034, 1.0
Anigro, Site035, 1.0
Anigro, Site050, 1.0
Anigro, Site028, 1.0
Hsglau, Site353, 1.0
Hsglau, Site043, 1.0
Hsglau, Site356, 1.0
Hsglau, Site347, 1.0
Hsglau, Site090, 1.0
Hanoma, Site294, 1.0
Hanoma, Site308, 1.0
Hanoma, Site325, 1.0
Hanoma, Site270, 1.0
Hanoma, Site359, 1.0
Hanoma, Site267, 1.0
Hanoma, Site324, 1.0
Hanoma, Site333, 1.0
Hanoma, Site306, 1.0
Hanoma, Site361, 1.0
Hanoma, Site360, 1.0
Hanoma, Site362, 1.0
Hanoma, Site341, 1.0
Hanoma, Site329, 1.0
Hanoma, Site323, 1.0
Hanoma, Site347, 1.0
Hanoma, Site332, 1.0
Hanoma, Site340, 1.0
Hanoma, Site293, 1.0
Hanoma, Site215, 1.0
Hanoma, Site264, 1.0
Hanoma, Site336, 1.0
Hanoma, Site269, 1.0
Hanoma, Site169, 1.0
Hanoma, Site307, 1.0
Hanoma, Site259, 1.0
Hanoma, Site328, 1.0
Hanoma, Site337, 1.0
Hanoma, Site318, 1.0
Hanoma, Site295, 1.0
Mymari, Site027, 1.0
Sal14, Site349, 1.0
Sal14, Site159, 1.0
Sal14, Site071, 1.0
Sal14, Site211, 1.0
Sal14, Site053, 1.0
Sal14, Site052, 1.0
Sal14, Site144, 1.0
Sal14, Site370, 1.0
Sal14, Site168, 1.0
Sal14, Site048, 1.0
Sal14, Site237, 1.0
Sal14, Site143, 1.0
Sal14, Site043, 1.0
Sal14, Site077, 1.0
Sal14, Site046, 1.0
Sal14, Site085, 1.0
Sal14, Site214, 1.0
Sal14, Site286, 1.0
Sal14, Site149, 1.0
Sal14, Site016, 1.0
Sal14, Site091, 1.0
Sal14, Site155, 1.0
Sal14, Site044, 1.0
Sal14, Site015, 1.0
Sal14, Site090, 1.0
Sal14, Site353, 1.0
Sal14, Site285, 1.0
Sal14, Site369, 1.0
Sal14, Site087, 1.0
Sal14, Site047, 1.0
Sal14, Site086, 1.0
Sal14, Site352, 1.0
Sal14, Site042, 1.0
Sal14, Site050, 1.0
Sal14, Site152, 1.0
Sal14, Site083, 1.0
Sal14, Site078, 1.0
Sal14, Site356, 1.0
Sal14, Site371, 1.0
Sal14, Site351, 1.0
Sal14, Site074, 1.0
Sal14, Site274, 1.0
Sal14, Site207, 1.0
Eacicu, Site004, 1.0
Eacicu, Site064, 1.0
Eacicu, Site093, 1.0
Eacicu, Site039, 1.0
Eacicu, Site231, 1.0
Eacicu, Site104, 1.0
Eacicu, Site319, 1.0
Eacicu, Site081, 1.0
Eacicu, Site151, 1.0
Eacicu, Site143, 1.0
Eacicu, Site043, 1.0
Eacicu, Site046, 1.0
Eacicu, Site123, 1.0
Eacicu, Site066, 1.0
Eacicu, Site021, 1.0
Eacicu, Site188, 1.0
Eacicu, Site113, 1.0
Eacicu, Site022, 1.0
Eacicu, Site096, 1.0
Eacicu, Site147, 1.0
Eacicu, Site121, 1.0
Eacicu, Site098, 1.0
Eacicu, Site116, 1.0
Eacicu, Site019, 1.0
Eacicu, Site185, 1.0
Eacicu, Site005, 1.0
Eacicu, Site245, 1.0
Eacicu, Site102, 1.0
Eacicu, Site078, 1.0
Eacicu, Site020, 1.0
Eacicu, Site067, 1.0
Eacicu, Site049, 1.0
Eacicu, Site157, 1.0
Eacicu, Site074, 1.0
Eacicu, Site274, 1.0
Eacicu, Site071, 1.0
Eacicu, Site296, 1.0
Eacicu, Site279, 1.0
Eacicu, Site060, 1.0
Eacicu, Site008, 1.0
Eacicu, Site094, 1.0
Eacicu, Site190, 1.0
Eacicu, Site090, 1.0
Eacicu, Site027, 1.0
Eacicu, Site058, 1.0
Eacicu, Site285, 1.0
Eacicu, Site191, 1.0
Eacicu, Site158, 1.0
Eacicu, Site083, 1.0
Eacicu, Site125, 1.0
Eacicu, Site150, 1.0
Eacicu, Site230, 1.0
Eacicu, Site238, 1.0
Eacicu, Site073, 1.0
Eacicu, Site176, 1.0
Eacicu, Site108, 1.0
Eacicu, Site007, 1.0
Eacicu, Site045, 1.0
Eacicu, Site106, 1.0
Eacicu, Site053, 1.0
Eacicu, Site247, 1.0
Eacicu, Site111, 1.0
Eacicu, Site025, 1.0
Eacicu, Site017, 1.0
Eacicu, Site024, 1.0
Eacicu, Site194, 1.0
Eacicu, Site077, 1.0
Eacicu, Site038, 1.0
Eacicu, Site075, 1.0
Eacicu, Site170, 1.0
Eacicu, Site103, 1.0
Eacicu, Site124, 1.0
Eacicu, Site155, 1.0
Eacicu, Site072, 1.0
Eacicu, Site047, 1.0
Eacicu, Site034, 1.0
Eacicu, Site055, 1.0
Eacicu, Site243, 1.0
Eacicu, Site002, 1.0
Eacicu, Site023, 1.0
Eacicu, Site109, 1.0
Eacicu, Site318, 1.0
Eacicu, Site056, 1.0
Eacicu, Site052, 1.0
Eacicu, Site144, 1.0
Eacicu, Site036, 1.0
Eacicu, Site100, 1.0
Eacicu, Site117, 1.0
Eacicu, Site048, 1.0
Eacicu, Site097, 1.0
Eacicu, Site255, 1.0
Eacicu, Site141, 1.0
Eacicu, Site286, 1.0
Eacicu, Site009, 1.0
Eacicu, Site035, 1.0
Eacicu, Site076, 1.0
Eacicu, Site202, 1.0
Eacicu, Site016, 1.0
Eacicu, Site137, 1.0
Eacicu, Site015, 1.0
Eacicu, Site347, 1.0
Eacicu, Site224, 1.0
Eacicu, Site042, 1.0
Eacicu, Site130, 1.0
Eacicu, Site153, 1.0
Eacicu, Site001, 1.0
Eacicu, Site140, 1.0
Eacicu, Site244, 1.0
Eacicu, Site041, 1.0
Eacicu, Site006, 1.0
Oglauc, Site016, 1.0
Oglauc, Site046, 1.0
Oglauc, Site044, 1.0
Oglauc, Site047, 1.0
Oglauc, Site145, 1.0
Oglauc, Site237, 1.0
Elappo, Site159, 1.0
Elappo, Site071, 1.0
Elappo, Site053, 1.0
Elappo, Site144, 1.0
Elappo, Site052, 1.0
Elappo, Site048, 1.0
Elappo, Site143, 1.0
Elappo, Site043, 1.0
Elappo, Site046, 1.0
Elappo, Site085, 1.0
Elappo, Site214, 1.0
Elappo, Site149, 1.0
Elappo, Site016, 1.0
Elappo, Site091, 1.0
Elappo, Site090, 1.0
Elappo, Site015, 1.0
Elappo, Site087, 1.0
Elappo, Site047, 1.0
Elappo, Site042, 1.0
Elappo, Site152, 1.0
Elappo, Site083, 1.0
Elappo, Site078, 1.0
Elappo, Site074, 1.0
Srenov, Site215, 1.0
Srenov, Site143, 1.0
Omyrsi, Site016, 1.0
Omyrsi, Site046, 1.0
Omyrsi, Site015, 1.0
Omyrsi, Site285, 1.0
Omyrsi, Site075, 1.0
Omyrsi, Site147, 1.0
Omyrsi, Site146, 1.0
Omyrsi, Site239, 1.0
Opolar, Site047, 1.0
Espone, Site126, 1.0
Osamol, Site143, 1.0
Osamol, Site077, 1.0
Osamol, Site046, 1.0
Osamol, Site091, 1.0
Osamol, Site155, 1.0
Osamol, Site071, 1.0
Osamol, Site015, 1.0
Osamol, Site090, 1.0
Osamol, Site078, 1.0
Osamol, Site053, 1.0
Osamol, Site016, 1.0
Osamol, Site052, 1.0
Osamol, Site042, 1.0
Osamol, Site050, 1.0
Osamol, Site074, 1.0
Oproxi, Site189, 1.0
Oproxi, Site254, 1.0
Oproxi, Site117, 1.0
Oproxi, Site061, 1.0
Oproxi, Site040, 1.0
Oproxi, Site223, 1.0
Oproxi, Site186, 1.0
Oproxi, Site060, 1.0
Oproxi, Site038, 1.0
Oproxi, Site333, 1.0
Oproxi, Site249, 1.0
Oproxi, Site010, 1.0
Oproxi, Site190, 1.0
Oproxi, Site241, 1.0
Oproxi, Site332, 1.0
Oproxi, Site013, 1.0
Oproxi, Site098, 1.0
Oproxi, Site242, 1.0
Oproxi, Site191, 1.0
Oproxi, Site293, 1.0
Oproxi, Site130, 1.0
Oproxi, Site187, 1.0
Oproxi, Site014, 1.0
Oproxi, Site125, 1.0
Oproxi, Site011, 1.0
Oproxi, Site102, 1.0
Oproxi, Site248, 1.0
Oproxi, Site007, 1.0
Oproxi, Site062, 1.0
Eridol, Site145, 1.0
Eridol, Site142, 1.0
Latole, Site349, 1.0
Latole, Site055, 1.0
Latole, Site347, 1.0
Hspira, Site005, 1.0
Hspira, Site345, 1.0
Hspira, Site219, 1.0
Hspira, Site255, 1.0
Hspira, Site252, 1.0
Hspira, Site080, 1.0
Hspira, Site253, 1.0
Hspira, Site220, 1.0
Hspira, Site363, 1.0
Hspira, Site100, 1.0
Hspira, Site127, 1.0
Hspira, Site344, 1.0
Hspira, Site221, 1.0
Hspira, Site343, 1.0
Hspira, Site262, 1.0
Sal25, Site349, 1.0
Sal25, Site308, 1.0
Sal25, Site030, 1.0
Sal25, Site031, 1.0
Sal25, Site325, 1.0
Sal25, Site287, 1.0
Sal25, Site180, 1.0
Sal25, Site311, 1.0
Sal25, Site262, 1.0
Sal25, Site366, 1.0
Sal25, Site298, 1.0
Sal25, Site166, 1.0
Sal25, Site141, 1.0
Sal25, Site060, 1.0
Sal25, Site174, 1.0
Sal25, Site333, 1.0
Sal25, Site291, 1.0
Sal25, Site282, 1.0
Sal25, Site059, 1.0
Sal25, Site182, 1.0
Sal25, Site164, 1.0
Sal25, Site098, 1.0
Sal25, Site116, 1.0
Sal25, Site183, 1.0
Sal25, Site019, 1.0
Sal25, Site142, 1.0
Sal25, Site293, 1.0
Sal25, Site167, 1.0
Sal25, Site018, 1.0
Sal25, Site154, 1.0
Sal25, Site139, 1.0
Sal25, Site140, 1.0
Sal25, Site165, 1.0
Sal25, Site169, 1.0
Sal25, Site181, 1.0
Sal25, Site259, 1.0
Sal25, Site303, 1.0
Sal25, Site281, 1.0
Sal25, Site374, 1.0
Eatraa, Site251, 1.0
Eatraa, Site178, 1.0
Eatraa, Site060, 1.0
Eatraa, Site177, 1.0
Eatraa, Site184, 1.0
Eatraa, Site098, 1.0
Eatraa, Site115, 1.0
Eatraa, Site130, 1.0
Eatraa, Site062, 1.0
Hruber, Site004, 1.0
Hruber, Site045, 1.0
Hruber, Site064, 1.0
Hruber, Site195, 1.0
Hruber, Site144, 1.0
Hruber, Site025, 1.0
Hruber, Site036, 1.0
Hruber, Site100, 1.0
Hruber, Site104, 1.0
Hruber, Site048, 1.0
Hruber, Site081, 1.0
Hruber, Site024, 1.0
Hruber, Site194, 1.0
Hruber, Site237, 1.0
Hruber, Site143, 1.0
Hruber, Site066, 1.0
Hruber, Site043, 1.0
Hruber, Site201, 1.0
Hruber, Site021, 1.0
Hruber, Site170, 1.0
Hruber, Site057, 1.0
Hruber, Site082, 1.0
Hruber, Site228, 1.0
Hruber, Site035, 1.0
Hruber, Site221, 1.0
Hruber, Site188, 1.0
Hruber, Site091, 1.0
Hruber, Site022, 1.0
Hruber, Site137, 1.0
Hruber, Site015, 1.0
Hruber, Site072, 1.0
Hruber, Site027, 1.0
Hruber, Site044, 1.0
Hruber, Site171, 1.0
Hruber, Site193, 1.0
Hruber, Site034, 1.0
Hruber, Site153, 1.0
Hruber, Site001, 1.0
Hruber, Site005, 1.0
Hruber, Site236, 1.0
Hruber, Site080, 1.0
Hruber, Site225, 1.0
Hruber, Site020, 1.0
Hruber, Site002, 1.0
Hruber, Site173, 1.0
Hruber, Site192, 1.0
Sal51, Site272, 1.0
Polybl, Site186, 1.0
Sal31, Site260, 1.0
Sal31, Site327, 1.0
Sal31, Site247, 1.0
Sal31, Site117, 1.0
Sal31, Site311, 1.0
Sal31, Site233, 1.0
Sal31, Site319, 1.0
Sal31, Site136, 1.0
Sal31, Site186, 1.0
Sal31, Site326, 1.0
Sal31, Site009, 1.0
Sal31, Site114, 1.0
Sal31, Site190, 1.0
Sal31, Site191, 1.0
Sal31, Site187, 1.0
Sal31, Site130, 1.0
Sal31, Site118, 1.0
Sal31, Site313, 1.0
Sal31, Site300, 1.0
Sal31, Site126, 1.0
Sal31, Site135, 1.0
Sal31, Site041, 1.0
Sal31, Site062, 1.0
Sal31, Site290, 1.0
Sal31, Site006, 1.0
Oaacut, Site319, 1.0
Oaacut, Site250, 1.0
Eanali, Site211, 1.0
Eanali, Site186, 1.0
Eanali, Site006, 1.0
Sal12, Site327, 1.0
Sal12, Site117, 1.0
Sal12, Site061, 1.0
Sal12, Site223, 1.0
Sal12, Site186, 1.0
Sal12, Site333, 1.0
Sal12, Site010, 1.0
Sal12, Site177, 1.0
Sal12, Site332, 1.0
Sal12, Site098, 1.0
Sal12, Site293, 1.0
Sal12, Site130, 1.0
Sal12, Site266, 1.0
Sal12, Site014, 1.0
Sal12, Site320, 1.0
Sal12, Site330, 1.0
Sal12, Site178, 1.0
Sal12, Site125, 1.0
Sal12, Site200, 1.0
Sal12, Site175, 1.0
Sal12, Site102, 1.0
Sal12, Site184, 1.0
Sal12, Site265, 1.0
Sal12, Site115, 1.0
Sal12, Site248, 1.0
Sal12, Site007, 1.0
Sal12, Site040, 1.0
Psoemi, Site034, 1.0
Evenus, Site149, 1.0
Evenus, Site088, 1.0
Evenus, Site056, 1.0
Evenus, Site141, 1.0
Evenus, Site089, 1.0
Evenus, Site144, 1.0
Evenus, Site148, 1.0
Evenus, Site152, 1.0
Evenus, Site048, 1.0
Evenus, Site188, 1.0
Evenus, Site151, 1.0
Hplicl, Site043, 1.0
Hplicl, Site349, 1.0
Hplicl, Site091, 1.0
Hplicl, Site090, 1.0
Hplicl, Site353, 1.0
Hplicl, Site211, 1.0
Hplicl, Site356, 1.0
Hplicl, Site047, 1.0
Hplicl, Site371, 1.0
Hplicl, Site370, 1.0
Slappo, Site219, 1.0
Slappo, Site071, 1.0
Slappo, Site054, 1.0
Slappo, Site226, 1.0
Slappo, Site028, 1.0
Slappo, Site024, 1.0
Slappo, Site046, 1.0
Slappo, Site085, 1.0
Slappo, Site107, 1.0
Slappo, Site286, 1.0
Slappo, Site148, 1.0
Slappo, Site145, 1.0
Slappo, Site016, 1.0
Slappo, Site091, 1.0
Slappo, Site155, 1.0
Slappo, Site090, 1.0
Slappo, Site047, 1.0
Slappo, Site086, 1.0
Slappo, Site055, 1.0
Slappo, Site110, 1.0
Slappo, Site005, 1.0
Slappo, Site080, 1.0
Slappo, Site078, 1.0
Slappo, Site020, 1.0
Elanat, Site077, 1.0
Elanat, Site016, 1.0
Elanat, Site046, 1.0
Elanat, Site071, 1.0
Elanat, Site078, 1.0
Elanat, Site053, 1.0
Elanat, Site084, 1.0
Elanat, Site286, 1.0
Elanat, Site082, 1.0
Elanat, Site074, 1.0
Apusil, Site260, 1.0
Apusil, Site345, 1.0
Apusil, Site252, 1.0
Apusil, Site308, 1.0
Apusil, Site294, 1.0
Apusil, Site276, 1.0
Apusil, Site247, 1.0
Apusil, Site117, 1.0
Apusil, Site370, 1.0
Apusil, Site311, 1.0
Apusil, Site271, 1.0
Apusil, Site366, 1.0
Apusil, Site143, 1.0
Apusil, Site060, 1.0
Apusil, Site170, 1.0
Apusil, Site333, 1.0
Apusil, Site291, 1.0
Apusil, Site286, 1.0
Apusil, Site312, 1.0
Apusil, Site218, 1.0
Apusil, Site334, 1.0
Apusil, Site190, 1.0
Apusil, Site091, 1.0
Apusil, Site090, 1.0
Apusil, Site353, 1.0
Apusil, Site047, 1.0
Apusil, Site116, 1.0
Apusil, Site340, 1.0
Apusil, Site191, 1.0
Apusil, Site293, 1.0
Apusil, Site130, 1.0
Apusil, Site018, 1.0
Apusil, Site139, 1.0
Apusil, Site005, 1.0
Apusil, Site336, 1.0
Apusil, Site339, 1.0
Apusil, Site118, 1.0
Apusil, Site356, 1.0
Apusil, Site020, 1.0
Apusil, Site313, 1.0
Apusil, Site119, 1.0
Apusil, Site317, 1.0
Apusil, Site307, 1.0
Apusil, Site213, 1.0
Apusil, Site126, 1.0
Apusil, Site259, 1.0
Apusil, Site026, 1.0
Apusil, Site371, 1.0
Apusil, Site295, 1.0
Sal34, Site177, 1.0
Sal34, Site251, 1.0
Sal34, Site187, 1.0
Sal34, Site115, 1.0
Sal34, Site186, 1.0
Cgraci, Site219, 1.0
Esubge, Site130, 1.0
Esubge, Site006, 1.0
Torymu, Site233, 1.0
Torymu, Site131, 1.0
Torymu, Site021, 1.0
Sal40, Site199, 1.0
Gornat, Site131, 1.0
Opedun, Site060, 1.0
Opedun, Site007, 1.0
Opedun, Site247, 1.0
Opedun, Site116, 1.0
Opedun, Site224, 1.0
Opedun, Site130, 1.0
Opedun, Site196, 1.0
Opedun, Site233, 1.0
Opedun, Site018, 1.0
Opedun, Site041, 1.0
Opedun, Site006, 1.0
Broman, Site071, 1.0
Broman, Site229, 1.0
Broman, Site053, 1.0
Broman, Site195, 1.0
Broman, Site052, 1.0
Broman, Site054, 1.0
Broman, Site287, 1.0
Broman, Site025, 1.0
Broman, Site172, 1.0
Broman, Site117, 1.0
Broman, Site017, 1.0
Broman, Site028, 1.0
Broman, Site081, 1.0
Broman, Site024, 1.0
Broman, Site194, 1.0
Broman, Site151, 1.0
Broman, Site120, 1.0
Broman, Site077, 1.0
Broman, Site066, 1.0
Broman, Site046, 1.0
Broman, Site060, 1.0
Broman, Site085, 1.0
Broman, Site075, 1.0
Broman, Site107, 1.0
Broman, Site059, 1.0
Broman, Site035, 1.0
Broman, Site188, 1.0
Broman, Site076, 1.0
Broman, Site198, 1.0
Broman, Site016, 1.0
Broman, Site090, 1.0
Broman, Site015, 1.0
Broman, Site027, 1.0
Broman, Site058, 1.0
Broman, Site285, 1.0
Broman, Site047, 1.0
Broman, Site068, 1.0
Broman, Site193, 1.0
Broman, Site042, 1.0
Broman, Site050, 1.0
Broman, Site018, 1.0
Broman, Site055, 1.0
Broman, Site250, 1.0
Broman, Site110, 1.0
Broman, Site005, 1.0
Broman, Site156, 1.0
Broman, Site125, 1.0
Broman, Site080, 1.0
Broman, Site078, 1.0
Broman, Site020, 1.0
Broman, Site002, 1.0
Broman, Site026, 1.0
Broman, Site192, 1.0
Opprox, Site294, 1.0
Opprox, Site295, 1.0
Pdolic, Site131, 1.0
Pdolic, Site004, 1.0
Pdolic, Site093, 1.0
Pdolic, Site039, 1.0
Pdolic, Site081, 1.0
Pdolic, Site061, 1.0
Pdolic, Site151, 1.0
Pdolic, Site143, 1.0
Pdolic, Site043, 1.0
Pdolic, Site046, 1.0
Pdolic, Site021, 1.0
Pdolic, Site333, 1.0
Pdolic, Site228, 1.0
Pdolic, Site148, 1.0
Pdolic, Site188, 1.0
Pdolic, Site022, 1.0
Pdolic, Site147, 1.0
Pdolic, Site098, 1.0
Pdolic, Site116, 1.0
Pdolic, Site086, 1.0
Pdolic, Site019, 1.0
Pdolic, Site037, 1.0
Pdolic, Site050, 1.0
Pdolic, Site014, 1.0
Pdolic, Site101, 1.0
Pdolic, Site185, 1.0
Pdolic, Site005, 1.0
Pdolic, Site236, 1.0
Pdolic, Site245, 1.0
Pdolic, Site011, 1.0
Pdolic, Site078, 1.0
Pdolic, Site102, 1.0
Pdolic, Site020, 1.0
Pdolic, Site067, 1.0
Pdolic, Site049, 1.0
Pdolic, Site157, 1.0
Pdolic, Site074, 1.0
Pdolic, Site062, 1.0
Pdolic, Site274, 1.0
Pdolic, Site348, 1.0
Pdolic, Site071, 1.0
Pdolic, Site089, 1.0
Pdolic, Site229, 1.0
Pdolic, Site054, 1.0
Pdolic, Site168, 1.0
Pdolic, Site180, 1.0
Pdolic, Site201, 1.0
Pdolic, Site060, 1.0
Pdolic, Site008, 1.0
Pdolic, Site107, 1.0
Pdolic, Site065, 1.0
Pdolic, Site010, 1.0
Pdolic, Site222, 1.0
Pdolic, Site094, 1.0
Pdolic, Site198, 1.0
Pdolic, Site190, 1.0
Pdolic, Site090, 1.0
Pdolic, Site027, 1.0
Pdolic, Site013, 1.0
Pdolic, Site193, 1.0
Pdolic, Site187, 1.0
Pdolic, Site125, 1.0
Pdolic, Site150, 1.0
Pdolic, Site213, 1.0
Pdolic, Site073, 1.0
Pdolic, Site108, 1.0
Pdolic, Site007, 1.0
Pdolic, Site192, 1.0
Pdolic, Site290, 1.0
Pdolic, Site227, 1.0
Pdolic, Site045, 1.0
Pdolic, Site106, 1.0
Pdolic, Site069, 1.0
Pdolic, Site053, 1.0
Pdolic, Site247, 1.0
Pdolic, Site111, 1.0
Pdolic, Site256, 1.0
Pdolic, Site028, 1.0
Pdolic, Site024, 1.0
Pdolic, Site194, 1.0
Pdolic, Site077, 1.0
Pdolic, Site223, 1.0
Pdolic, Site038, 1.0
Pdolic, Site075, 1.0
Pdolic, Site170, 1.0
Pdolic, Site249, 1.0
Pdolic, Site103, 1.0
Pdolic, Site145, 1.0
Pdolic, Site155, 1.0
Pdolic, Site352, 1.0
Pdolic, Site133, 1.0
Pdolic, Site332, 1.0
Pdolic, Site047, 1.0
Pdolic, Site197, 1.0
Pdolic, Site034, 1.0
Pdolic, Site055, 1.0
Pdolic, Site080, 1.0
Pdolic, Site002, 1.0
Pdolic, Site023, 1.0
Pdolic, Site051, 1.0
Pdolic, Site109, 1.0
Pdolic, Site026, 1.0
Pdolic, Site248, 1.0
Pdolic, Site146, 1.0
Pdolic, Site052, 1.0
Pdolic, Site144, 1.0
Pdolic, Site036, 1.0
Pdolic, Site100, 1.0
Pdolic, Site117, 1.0
Pdolic, Site048, 1.0
Pdolic, Site097, 1.0
Pdolic, Site141, 1.0
Pdolic, Site085, 1.0
Pdolic, Site205, 1.0
Pdolic, Site009, 1.0
Pdolic, Site035, 1.0
Pdolic, Site095, 1.0
Pdolic, Site277, 1.0
Pdolic, Site202, 1.0
Pdolic, Site016, 1.0
Pdolic, Site258, 1.0
Pdolic, Site044, 1.0
Pdolic, Site015, 1.0
Pdolic, Site347, 1.0
Pdolic, Site171, 1.0
Pdolic, Site224, 1.0
Pdolic, Site042, 1.0
Pdolic, Site130, 1.0
Pdolic, Site152, 1.0
Pdolic, Site018, 1.0
Pdolic, Site153, 1.0
Pdolic, Site001, 1.0
Pdolic, Site110, 1.0
Pdolic, Site140, 1.0
Pdolic, Site088, 1.0
Pdolic, Site173, 1.0
Pdolic, Site041, 1.0
Pdolic, Site207, 1.0
Pdolic, Site006, 1.0
Ohelve, Site025, 1.0
Ohelve, Site034, 1.0
Ohelve, Site005, 1.0
Ilappo, Site004, 1.0
Ilappo, Site045, 1.0
Ilappo, Site071, 1.0
Ilappo, Site053, 1.0
Ilappo, Site247, 1.0
Ilappo, Site052, 1.0
Ilappo, Site104, 1.0
Ilappo, Site017, 1.0
Ilappo, Site077, 1.0
Ilappo, Site043, 1.0
Ilappo, Site046, 1.0
Ilappo, Site060, 1.0
Ilappo, Site075, 1.0
Ilappo, Site107, 1.0
Ilappo, Site094, 1.0
Ilappo, Site016, 1.0
Ilappo, Site044, 1.0
Ilappo, Site015, 1.0
Ilappo, Site047, 1.0
Ilappo, Site034, 1.0
Ilappo, Site018, 1.0
Ilappo, Site078, 1.0
Ilappo, Site023, 1.0
Ilappo, Site073, 1.0
Ilappo, Site067, 1.0
Ilappo, Site007, 1.0
Ilappo, Site041, 1.0
Ilappo, Site006, 1.0
Okriec, Site066, 1.0
Okriec, Site255, 1.0
Okriec, Site022, 1.0
Okriec, Site230, 1.0
Okriec, Site112, 1.0
Okriec, Site021, 1.0
Okriec, Site243, 1.0
Okriec, Site170, 1.0
Okriec, Site111, 1.0
Okriec, Site023, 1.0
Okriec, Site067, 1.0
Okriec, Site104, 1.0
Okriec, Site188, 1.0
Okriec, Site001, 1.0
Sal6, Site004, 1.0
Sal6, Site252, 1.0
Sal6, Site093, 1.0
Sal6, Site106, 1.0
Sal6, Site012, 1.0
Sal6, Site036, 1.0
Sal6, Site104, 1.0
Sal6, Site255, 1.0
Sal6, Site021, 1.0
Sal6, Site188, 1.0
Sal6, Site094, 1.0
Sal6, Site022, 1.0
Sal6, Site137, 1.0
Sal6, Site096, 1.0
Sal6, Site034, 1.0
Sal6, Site130, 1.0
Sal6, Site240, 1.0
Sal6, Site245, 1.0
Sal6, Site102, 1.0
Sal6, Site020, 1.0
Sal6, Site109, 1.0
Sal6, Site108, 1.0
Sal6, Site318, 1.0
Sal23, Site046, 1.0
Sal23, Site229, 1.0
Sal23, Site075, 1.0
Sal23, Site195, 1.0
Sal23, Site002, 1.0
Sal23, Site028, 1.0
Sal23, Site055, 1.0
Sal23, Site192, 1.0
Psauli, Site041, 1.0
Sal35, Site287, 1.0
Sal35, Site142, 1.0
Agalli, Site024, 1.0
Agalli, Site107, 1.0
Oretic, Site046, 1.0
Oretic, Site229, 1.0
Oretic, Site075, 1.0
Oretic, Site195, 1.0
Oretic, Site002, 1.0
Oretic, Site028, 1.0
Oretic, Site055, 1.0
Oretic, Site192, 1.0
Coreop, Site218, 1.0
Coreop, Site043, 1.0
Eelaea, Site032, 1.0
Eelaea, Site022, 1.0
Eelaea, Site112, 1.0
Eelaea, Site093, 1.0
Eelaea, Site021, 1.0
Eelaea, Site099, 1.0
Eelaea, Site133, 1.0
Eelaea, Site111, 1.0
Eelaea, Site002, 1.0
Eelaea, Site105, 1.0
Eelaea, Site100, 1.0
Eelaea, Site104, 1.0
Eelaea, Site179, 1.0
Eelaea, Site188, 1.0
Eelaea, Site001, 1.0
Egemmf, Site005, 1.0
Egemmf, Site027, 1.0
Egemmf, Site020, 1.0
Egemmf, Site002, 1.0
Egemmf, Site079, 1.0
Egemmf, Site100, 1.0
Egemmf, Site193, 1.0
Egemmf, Site028, 1.0
Egemmf, Site081, 1.0
Egemmf, Site194, 1.0
Egemmf, Site192, 1.0
Aalvea, Site188, 1.0
Aalvea, Site236, 1.0
Aalvea, Site060, 1.0
Dlongi, Site126, 1.0
Eappen, Site171, 1.0
Eappen, Site104, 1.0
Ehasta, Site120, 1.0
Ehasta, Site005, 1.0
Ehasta, Site074, 1.0
Ehasta, Site071, 1.0
Ehasta, Site080, 1.0
Ehasta, Site027, 1.0
Ehasta, Site053, 1.0
Ehasta, Site020, 1.0
Ehasta, Site107, 1.0
Ehasta, Site213, 1.0
Ehasta, Site079, 1.0
Ehasta, Site051, 1.0
Ehasta, Site148, 1.0
Ehasta, Site026, 1.0
Ehasta, Site160, 1.0
Ehasta, Site024, 1.0
Ehasta, Site055, 1.0
Ehasta, Site151, 1.0
Etoxon, Site125, 1.0
Etoxon, Site223, 1.0
Etoxon, Site064, 1.0
Etoxon, Site060, 1.0
Etoxon, Site122, 1.0
Etoxon, Site098, 1.0
Etoxon, Site116, 1.0
Etoxon, Site247, 1.0
Etoxon, Site119, 1.0
Etoxon, Site224, 1.0
Etoxon, Site036, 1.0
Etoxon, Site259, 1.0
Etoxon, Site248, 1.0
Etoxon, Site067, 1.0
Etoxon, Site187, 1.0
Etoxon, Site018, 1.0
Etoxon, Site041, 1.0
Etoxon, Site062, 1.0
Etoxon, Site061, 1.0
Etoxon, Site006, 1.0
Bepitr, Site005, 1.0
Bepitr, Site093, 1.0
Bepitr, Site021, 1.0
Bepitr, Site189, 1.0
Bepitr, Site257, 1.0
Bepitr, Site002, 1.0
Bepitr, Site059, 1.0
Bepitr, Site103, 1.0
Bepitr, Site188, 1.0
Bepitr, Site185, 1.0
Pponta, Site071, 1.0
Pponta, Site053, 1.0
Pponta, Site229, 1.0
Pponta, Site195, 1.0
Pponta, Site052, 1.0
Pponta, Site025, 1.0
Pponta, Site054, 1.0
Pponta, Site017, 1.0
Pponta, Site028, 1.0
Pponta, Site048, 1.0
Pponta, Site194, 1.0
Pponta, Site077, 1.0
Pponta, Site043, 1.0
Pponta, Site046, 1.0
Pponta, Site085, 1.0
Pponta, Site075, 1.0
Pponta, Site057, 1.0
Pponta, Site103, 1.0
Pponta, Site232, 1.0
Pponta, Site076, 1.0
Pponta, Site145, 1.0
Pponta, Site016, 1.0
Pponta, Site155, 1.0
Pponta, Site044, 1.0
Pponta, Site015, 1.0
Pponta, Site147, 1.0
Pponta, Site047, 1.0
Pponta, Site193, 1.0
Pponta, Site034, 1.0
Pponta, Site042, 1.0
Pponta, Site152, 1.0
Pponta, Site050, 1.0
Pponta, Site055, 1.0
Pponta, Site110, 1.0
Pponta, Site078, 1.0
Pponta, Site020, 1.0
Pponta, Site002, 1.0
Pponta, Site051, 1.0
Pponta, Site049, 1.0
Pponta, Site146, 1.0
Pponta, Site074, 1.0
Pponta, Site192, 1.0
Pponta, Site227, 1.0
Sal41, Site169, 1.0
Hleuca, Site260, 1.0
Hleuca, Site294, 1.0
Hleuca, Site308, 1.0
Hleuca, Site367, 1.0
Hleuca, Site247, 1.0
Hleuca, Site325, 1.0
Hleuca, Site268, 1.0
Hleuca, Site289, 1.0
Hleuca, Site272, 1.0
Hleuca, Site311, 1.0
Hleuca, Site233, 1.0
Hleuca, Site270, 1.0
Hleuca, Site304, 1.0
Hleuca, Site302, 1.0
Hleuca, Site271, 1.0
Hleuca, Site326, 1.0
Hleuca, Site324, 1.0
Hleuca, Site333, 1.0
Hleuca, Site306, 1.0
Hleuca, Site291, 1.0
Hleuca, Site009, 1.0
Hleuca, Site273, 1.0
Hleuca, Site301, 1.0
Hleuca, Site314, 1.0
Hleuca, Site312, 1.0
Hleuca, Site368, 1.0
Hleuca, Site309, 1.0
Hleuca, Site332, 1.0
Hleuca, Site116, 1.0
Hleuca, Site098, 1.0
Hleuca, Site293, 1.0
Hleuca, Site130, 1.0
Hleuca, Site320, 1.0
Hleuca, Site330, 1.0
Hleuca, Site125, 1.0
Hleuca, Site295, 1.0
Hleuca, Site118, 1.0
Hleuca, Site092, 1.0
Hleuca, Site338, 1.0
Hleuca, Site313, 1.0
Hleuca, Site119, 1.0
Hleuca, Site317, 1.0
Hleuca, Site305, 1.0
Hleuca, Site310, 1.0
Hleuca, Site307, 1.0
Hleuca, Site259, 1.0
Hleuca, Site115, 1.0
Hleuca, Site303, 1.0
Hleuca, Site007, 1.0
Hleuca, Site041, 1.0
Hleuca, Site318, 1.0
Hleuca, Site290, 1.0
Hleuca, Site006, 1.0
Omacul, Site005, 1.0
Omacul, Site033, 1.0
Omacul, Site027, 1.0
Omacul, Site068, 1.0
Omacul, Site107, 1.0
Omacul, Site025, 1.0
Omacul, Site035, 1.0
Omacul, Site026, 1.0
Omacul, Site034, 1.0
Omacul, Site028, 1.0
Adelog, Site260, 1.0
Adelog, Site219, 1.0
Adelog, Site349, 1.0
Adelog, Site252, 1.0
Adelog, Site325, 1.0
Adelog, Site100, 1.0
Adelog, Site117, 1.0
Adelog, Site028, 1.0
Adelog, Site024, 1.0
Adelog, Site122, 1.0
Adelog, Site270, 1.0
Adelog, Site262, 1.0
Adelog, Site271, 1.0
Adelog, Site322, 1.0
Adelog, Site255, 1.0
Adelog, Site326, 1.0
Adelog, Site253, 1.0
Adelog, Site129, 1.0
Adelog, Site107, 1.0
Adelog, Site128, 1.0
Adelog, Site221, 1.0
Adelog, Site329, 1.0
Adelog, Site121, 1.0
Adelog, Site116, 1.0
Adelog, Site274, 1.0
Adelog, Site191, 1.0
Adelog, Site127, 1.0
Adelog, Site320, 1.0
Adelog, Site330, 1.0
Adelog, Site005, 1.0
Adelog, Site220, 1.0
Adelog, Site080, 1.0
Adelog, Site118, 1.0
Adelog, Site169, 1.0
Adelog, Site020, 1.0
Adelog, Site119, 1.0
Adelog, Site126, 1.0
Adelog, Site135, 1.0
Adelog, Site109, 1.0
Adelog, Site115, 1.0
Adelog, Site328, 1.0
Adelog, Site331, 1.0
Adelog, Site318, 1.0
Adelog, Site134, 1.0
Apante, Site062, 1.0
Sal13, Site131, 1.0
Sal13, Site150, 1.0
Sal13, Site008, 1.0
Sal13, Site009, 1.0
Sal13, Site097, 1.0
Sal13, Site095, 1.0
Sal13, Site233, 1.0
Sal13, Site094, 1.0
Hplicp, Site285, 1.0
Hplicp, Site210, 1.0
Hplicp, Site044, 1.0
Hplicp, Site207, 1.0
Hplicp, Site208, 1.0
Ecalca, Site294, 1.0
Oelaea, Site022, 1.0
Oelaea, Site001, 1.0
Oelaea, Site021, 1.0
Olappl, Site077, 1.0
Olappl, Site016, 1.0
Olappl, Site046, 1.0
Olappl, Site043, 1.0
Olappl, Site091, 1.0
Olappl, Site071, 1.0
Olappl, Site090, 1.0
Olappl, Site015, 1.0
Olappl, Site085, 1.0
Olappl, Site078, 1.0
Olappl, Site047, 1.0
Olappl, Site086, 1.0
Olappl, Site052, 1.0
Olappl, Site042, 1.0
Olappl, Site050, 1.0
Olappl, Site074, 1.0
Olappl, Site207, 1.0
Hspirh, Site026, 1.0
Hspirh, Site107, 1.0
Hspirh, Site028, 1.0
Oviril, Site060, 1.0
Oviril, Site027, 1.0
Oviril, Site292, 1.0
Oviril, Site358, 1.0
Oviril, Site291, 1.0
Oviril, Site109, 1.0
Oviril, Site034, 1.0
Oviril, Site289, 1.0
Oviril, Site041, 1.0
Oviril, Site062, 1.0
Oviril, Site290, 1.0
Onigri, Site005, 1.0
Onigri, Site236, 1.0
Onigri, Site004, 1.0
Onigri, Site071, 1.0
Onigri, Site153, 1.0
Onigri, Site280, 1.0
Onigri, Site020, 1.0
Onigri, Site002, 1.0
Onigri, Site228, 1.0
Onigri, Site017, 1.0
Onigri, Site235, 1.0
Onigri, Site055, 1.0
Onigri, Site256, 1.0
Sal4, Site120, 1.0
Sal4, Site005, 1.0
Sal4, Site066, 1.0
Sal4, Site003, 1.0
Sal4, Site027, 1.0
Sal4, Site133, 1.0
Sal4, Site002, 1.0
Sal4, Site079, 1.0
Sal4, Site193, 1.0
Sal4, Site035, 1.0
Sal4, Site028, 1.0
Sal4, Site081, 1.0
Sal4, Site194, 1.0
Sal4, Site192, 1.0
Sal4, Site110, 1.0
Bbrevi, Site140, 1.0
Bbrevi, Site125, 1.0
Bbrevi, Site190, 1.0
Bbrevi, Site029, 1.0
Bbrevi, Site241, 1.0
Bbrevi, Site011, 1.0
Bbrevi, Site243, 1.0
Bbrevi, Site249, 1.0
Bbrevi, Site014, 1.0
Bbrevi, Site041, 1.0
Bbrevi, Site188, 1.0
Oobscu, Site120, 1.0
Oobscu, Site003, 1.0
Oobscu, Site220, 1.0
Oobscu, Site133, 1.0
Oobscu, Site020, 1.0
Oobscu, Site002, 1.0
Oobscu, Site171, 1.0
Oobscu, Site035, 1.0
Oobscu, Site100, 1.0
Oobscu, Site193, 1.0
Oobscu, Site028, 1.0
Oobscu, Site081, 1.0
Oobscu, Site194, 1.0
Oobscu, Site192, 1.0
Oobscu, Site199, 1.0
Oobscu, Site110, 1.0
Esmyrt, Site202, 1.0
Esmyrt, Site143, 1.0
Esmyrt, Site159, 1.0
Esmyrt, Site083, 1.0
Snigri, Site353, 1.0
Snigri, Site047, 1.0
Htuber, Site005, 1.0
Htuber, Site071, 1.0
Htuber, Site053, 1.0
Htuber, Site213, 1.0
Htuber, Site144, 1.0
Htuber, Site028, 1.0
Spygid, Site064, 1.0
Spygid, Site027, 1.0
Spygid, Site020, 1.0
Spygid, Site002, 1.0
Spygid, Site024, 1.0
Spygid, Site192, 1.0
Hscapr, Site144, 1.0
Hscapr, Site143, 1.0
Heryth, Site366, 1.0
Heryth, Site139, 1.0
Heryth, Site308, 1.0
Heryth, Site174, 1.0
Heryth, Site169, 1.0
Heryth, Site333, 1.0
Heryth, Site116, 1.0
Heryth, Site325, 1.0
Heryth, Site291, 1.0
Heryth, Site282, 1.0
Heryth, Site259, 1.0
Heryth, Site303, 1.0
Heryth, Site293, 1.0
Heryth, Site311, 1.0
Edaphn, Site093, 1.0
Edaphn, Site106, 1.0
Edaphn, Site102, 1.0
Edaphn, Site109, 1.0
Edaphn, Site104, 1.0
Edaphn, Site188, 1.0
Sal45, Site143, 1.0
Sal1, Site099, 1.0
Sal1, Site093, 1.0
Sal1, Site111, 1.0
Sal1, Site105, 1.0
Sal1, Site100, 1.0
Sal1, Site104, 1.0
Sal1, Site066, 1.0
Sal1, Site032, 1.0
Sal1, Site255, 1.0
Sal1, Site112, 1.0
Sal1, Site021, 1.0
Sal1, Site170, 1.0
Sal1, Site179, 1.0
Sal1, Site188, 1.0
Sal1, Site022, 1.0
Sal1, Site133, 1.0
Sal1, Site001, 1.0
Sal1, Site230, 1.0
Sal1, Site243, 1.0
Sal1, Site002, 1.0
Sal1, Site023, 1.0
Sal1, Site067, 1.0
Hsglab, Site122, 1.0
Hsglab, Site127, 1.0
Hsglab, Site128, 1.0
Saotis, Site019, 1.0
Saotis, Site349, 1.0
Saotis, Site061, 1.0
Mspone, Site041, 1.0
Cvitta, Site143, 1.0
Cvitta, Site246, 1.0
Cvitta, Site022, 1.0
Cvitta, Site002, 1.0
Cvitta, Site207, 1.0
Pclavi, Site060, 1.0
Enigri, Site188, 1.0
Enigri, Site162, 1.0
Enigri, Site088, 1.0
Enigri, Site029, 1.0
Tsptwo, Site243, 1.0
Sal29, Site160, 1.0
Sal29, Site050, 1.0
Sal29, Site056, 1.0
Sal29, Site207, 1.0
Sal29, Site143, 1.0
Sal5, Site071, 1.0
Sal5, Site053, 1.0
Sal5, Site144, 1.0
Sal5, Site036, 1.0
Sal5, Site028, 1.0
Sal5, Site024, 1.0
Sal5, Site160, 1.0
Sal5, Site151, 1.0
Sal5, Site120, 1.0
Sal5, Site143, 1.0
Sal5, Site046, 1.0
Sal5, Site107, 1.0
Sal5, Site148, 1.0
Sal5, Site246, 1.0
Sal5, Site137, 1.0
Sal5, Site347, 1.0
Sal5, Site027, 1.0
Sal5, Site042, 1.0
Sal5, Site034, 1.0
Sal5, Site055, 1.0
Sal5, Site110, 1.0
Sal5, Site005, 1.0
Sal5, Site080, 1.0
Sal5, Site020, 1.0
Sal5, Site213, 1.0
Sal5, Site002, 1.0
Sal5, Site079, 1.0
Sal5, Site051, 1.0
Sal5, Site026, 1.0
Sal5, Site074, 1.0
Ealbit, Site190, 1.0
Ealbit, Site186, 1.0
Ealbit, Site241, 1.0
Ealbit, Site189, 1.0
Ealbit, Site021, 1.0
Ealbit, Site060, 1.0
Ealbit, Site097, 1.0
Ealbit, Site041, 1.0
Ealbit, Site062, 1.0
Obridg, Site219, 1.0
Obridg, Site064, 1.0
Obridg, Site247, 1.0
Obridg, Site226, 1.0
Obridg, Site048, 1.0
Obridg, Site233, 1.0
Obridg, Site122, 1.0
Obridg, Site120, 1.0
Obridg, Site201, 1.0
Obridg, Site060, 1.0
Obridg, Site065, 1.0
Obridg, Site148, 1.0
Obridg, Site288, 1.0
Obridg, Site221, 1.0
Obridg, Site198, 1.0
Obridg, Site347, 1.0
Obridg, Site171, 1.0
Obridg, Site098, 1.0
Obridg, Site224, 1.0
Obridg, Site193, 1.0
Obridg, Site034, 1.0
Obridg, Site018, 1.0
Obridg, Site153, 1.0
Obridg, Site001, 1.0
Obridg, Site154, 1.0
Obridg, Site005, 1.0
Obridg, Site236, 1.0
Obridg, Site088, 1.0
Obridg, Site080, 1.0
Obridg, Site225, 1.0
Obridg, Site020, 1.0
Obridg, Site002, 1.0
Obridg, Site119, 1.0
Obridg, Site259, 1.0
Obridg, Site173, 1.0
Obridg, Site041, 1.0
Obridg, Site006, 1.0
Rbrach, Site353, 1.0
Salcal, Site034, 1.0
Ialter, Site188, 1.0
Eweiff, Site131, 1.0
Eweiff, Site150, 1.0
Eweiff, Site142, 1.0
Eweiff, Site287, 1.0
Eweiff, Site009, 1.0
Eweiff, Site233, 1.0
Sal9, Site260, 1.0
Sal9, Site294, 1.0
Sal9, Site308, 1.0
Sal9, Site206, 1.0
Sal9, Site247, 1.0
Sal9, Site367, 1.0
Sal9, Site325, 1.0
Sal9, Site268, 1.0
Sal9, Site364, 1.0
Sal9, Site289, 1.0
Sal9, Site272, 1.0
Sal9, Site233, 1.0
Sal9, Site311, 1.0
Sal9, Site270, 1.0
Sal9, Site304, 1.0
Sal9, Site302, 1.0
Sal9, Site271, 1.0
Sal9, Site326, 1.0
Sal9, Site060, 1.0
Sal9, Site333, 1.0
Sal9, Site324, 1.0
Sal9, Site306, 1.0
Sal9, Site205, 1.0
Sal9, Site290, 1.0
Sal9, Site291, 1.0
Sal9, Site009, 1.0
Sal9, Site273, 1.0
Sal9, Site288, 1.0
Sal9, Site314, 1.0
Sal9, Site301, 1.0
Sal9, Site312, 1.0
Sal9, Site297, 1.0
Sal9, Site334, 1.0
Sal9, Site365, 1.0
Sal9, Site263, 1.0
Sal9, Site368, 1.0
Sal9, Site309, 1.0
Sal9, Site332, 1.0
Sal9, Site116, 1.0
Sal9, Site098, 1.0
Sal9, Site224, 1.0
Sal9, Site191, 1.0
Sal9, Site293, 1.0
Sal9, Site130, 1.0
Sal9, Site320, 1.0
Sal9, Site018, 1.0
Sal9, Site330, 1.0
Sal9, Site125, 1.0
Sal9, Site295, 1.0
Sal9, Site336, 1.0
Sal9, Site118, 1.0
Sal9, Site092, 1.0
Sal9, Site169, 1.0
Sal9, Site307, 1.0
Sal9, Site313, 1.0
Sal9, Site338, 1.0
Sal9, Site317, 1.0
Sal9, Site119, 1.0
Sal9, Site310, 1.0
Sal9, Site305, 1.0
Sal9, Site259, 1.0
Sal9, Site115, 1.0
Sal9, Site026, 1.0
Sal9, Site303, 1.0
Sal9, Site007, 1.0
Sal9, Site331, 1.0
Sal9, Site041, 1.0
Sal9, Site318, 1.0
Sal9, Site134, 1.0
Sal9, Site006, 1.0
Bpicti, Site060, 1.0
Bpicti, Site020, 1.0
Bpicti, Site019, 1.0
Bpicti, Site188, 1.0
Bpicti, Site018, 1.0
Bpicti, Site185, 1.0
Sal16, Site349, 1.0
Sal16, Site045, 1.0
Sal16, Site056, 1.0
Sal16, Site071, 1.0
Sal16, Site159, 1.0
Sal16, Site372, 1.0
Sal16, Site053, 1.0
Sal16, Site144, 1.0
Sal16, Site052, 1.0
Sal16, Site077, 1.0
Sal16, Site043, 1.0
Sal16, Site143, 1.0
Sal16, Site354, 1.0
Sal16, Site217, 1.0
Sal16, Site082, 1.0
Sal16, Site286, 1.0
Sal16, Site145, 1.0
Sal16, Site016, 1.0
Sal16, Site072, 1.0
Sal16, Site044, 1.0
Sal16, Site015, 1.0
Sal16, Site353, 1.0
Sal16, Site285, 1.0
Sal16, Site047, 1.0
Sal16, Site086, 1.0
Sal16, Site042, 1.0
Sal16, Site055, 1.0
Sal16, Site212, 1.0
Sal16, Site208, 1.0
Sal16, Site210, 1.0
Sal16, Site238, 1.0
Sal16, Site073, 1.0
Sal16, Site049, 1.0
Sal16, Site074, 1.0
Sal16, Site274, 1.0
Sal16, Site207, 1.0
Eheyer, Site095, 1.0
Hplicg, Site278, 1.0
Hplicg, Site071, 1.0
Hplicg, Site053, 1.0
Hplicg, Site370, 1.0
Hplicg, Site048, 1.0
Hplicg, Site204, 1.0
Hplicg, Site024, 1.0
Hplicg, Site077, 1.0
Hplicg, Site043, 1.0
Hplicg, Site046, 1.0
Hplicg, Site354, 1.0
Hplicg, Site075, 1.0
Hplicg, Site107, 1.0
Hplicg, Site286, 1.0
Hplicg, Site218, 1.0
Hplicg, Site355, 1.0
Hplicg, Site145, 1.0
Hplicg, Site016, 1.0
Hplicg, Site090, 1.0
Hplicg, Site347, 1.0
Hplicg, Site353, 1.0
Hplicg, Site369, 1.0
Hplicg, Site047, 1.0
Hplicg, Site346, 1.0
Hplicg, Site215, 1.0
Hplicg, Site216, 1.0
Hplicg, Site005, 1.0
Hplicg, Site210, 1.0
Hplicg, Site356, 1.0
Hplicg, Site213, 1.0
Hplicg, Site371, 1.0
Hplicg, Site026, 1.0
Hplicg, Site276, 1.0
Emyrti, Site202, 1.0
Emyrti, Site143, 1.0
Emyrti, Site159, 1.0
Emyrti, Site144, 1.0
Emyrti, Site083, 1.0
Omyrti, Site144, 1.0
Omyrti, Site143, 1.0
Omyrti, Site083, 1.0
Ogalla, Site088, 1.0
Ogalla, Site257, 1.0
Ogalla, Site243, 1.0
Ogalla, Site089, 1.0
Ogalla, Site057, 1.0
Ogalla, Site234, 1.0
Ogalla, Site098, 1.0
Ogalla, Site019, 1.0
Ogalla, Site144, 1.0
Ogalla, Site148, 1.0
Ogalla, Site037, 1.0
Ogalla, Site048, 1.0
Ogalla, Site173, 1.0
Ogalla, Site018, 1.0
Ogalla, Site041, 1.0
Esalic, Site131, 1.0
Esalic, Site106, 1.0
Esalic, Site111, 1.0
Esalic, Site180, 1.0
Esalic, Site233, 1.0
Esalic, Site024, 1.0
Esalic, Site350, 1.0
Esalic, Site112, 1.0
Esalic, Site021, 1.0
Esalic, Site141, 1.0
Esalic, Site060, 1.0
Esalic, Site205, 1.0
Esalic, Site009, 1.0
Esalic, Site082, 1.0
Esalic, Site299, 1.0
Esalic, Site182, 1.0
Esalic, Site179, 1.0
Esalic, Site188, 1.0
Esalic, Site297, 1.0
Esalic, Site022, 1.0
Esalic, Site029, 1.0
Esalic, Site133, 1.0
Esalic, Site098, 1.0
Esalic, Site116, 1.0
Esalic, Site197, 1.0
Esalic, Site142, 1.0
Esalic, Site130, 1.0
Esalic, Site083, 1.0
Esalic, Site178, 1.0
Esalic, Site184, 1.0
Esalic, Site181, 1.0
Esalic, Site115, 1.0
Esalic, Site109, 1.0
Esalic, Site108, 1.0
Esalic, Site041, 1.0
Esalic, Site062, 1.0
Onorve, Site050, 1.0
Onorve, Site056, 1.0
Onorve, Site207, 1.0
Onorve, Site160, 1.0
Onorve, Site143, 1.0
Sal39, Site190, 1.0
Etesta, Site016, 1.0
Etesta, Site175, 1.0
Etesta, Site176, 1.0
Etesta, Site197, 1.0
Etesta, Site130, 1.0
Etesta, Site320, 1.0
Bimmut, Site188, 1.0
Bimmut, Site190, 1.0
Bimmut, Site192, 1.0
Bimmut, Site294, 1.0
Bimmut, Site295, 1.0
Efront, Site353, 1.0
Sal28, Site058, 1.0
Sal28, Site085, 1.0
Sal28, Site075, 1.0
Sal28, Site047, 1.0
Sal28, Site054, 1.0
Sal28, Site052, 1.0
Sal28, Site076, 1.0
Sal28, Site055, 1.0
Opustu, Site349, 1.0
Opustu, Site274, 1.0
Opustu, Site042, 1.0
Opustu, Site045, 1.0
Sal7, Site005, 1.0
Sal7, Site033, 1.0
Sal7, Site080, 1.0
Sal7, Site027, 1.0
Sal7, Site068, 1.0
Sal7, Site107, 1.0
Sal7, Site079, 1.0
Sal7, Site025, 1.0
Sal7, Site026, 1.0
Sal7, Site034, 1.0
Sal7, Site035, 1.0
Sal7, Site028, 1.0
Sal7, Site081, 1.0
Sal7, Site138, 1.0
Lalpio, Site002, 1.0
Ospset, Site202, 1.0
Ospset, Site143, 1.0
Ospset, Site144, 1.0
Sal30, Site144, 1.0
Sal30, Site143, 1.0
Sal30, Site159, 1.0
Sal30, Site202, 1.0
Sal30, Site083, 1.0
Olesic, Site173, 1.0
Olesic, Site016, 1.0
Olesic, Site225, 1.0
Olesic, Site086, 1.0
Elappc, Site143, 1.0
Elappc, Site016, 1.0
Elappc, Site091, 1.0
Elappc, Site046, 1.0
Elappc, Site352, 1.0
Elappc, Site090, 1.0
Elappc, Site078, 1.0
Elappc, Site085, 1.0
Elappc, Site053, 1.0
Elappc, Site047, 1.0
Elappc, Site086, 1.0
Elappc, Site168, 1.0
Elappc, Site048, 1.0
Epygma, Site048, 1.0
Epygma, Site077, 1.0
Epygma, Site043, 1.0
Epygma, Site046, 1.0
Epygma, Site022, 1.0
Epygma, Site044, 1.0
Epygma, Site052, 1.0
Epygma, Site042, 1.0
Epygma, Site049, 1.0
Epygma, Site050, 1.0
Epygma, Site235, 1.0
Epygma, Site041, 1.0
Emucro, Site139, 1.0
Emucro, Site140, 1.0
Emucro, Site141, 1.0
Emucro, Site164, 1.0
Emucro, Site165, 1.0
Emucro, Site030, 1.0
Emucro, Site169, 1.0
Emucro, Site031, 1.0
Emucro, Site116, 1.0
Emucro, Site181, 1.0
Emucro, Site183, 1.0
Emucro, Site019, 1.0
Emucro, Site180, 1.0
Emucro, Site182, 1.0
Emucro, Site154, 1.0
Sal19, Site133, 1.0
Sal19, Site020, 1.0
Sal19, Site256, 1.0
Sal49, Site256, 1.0
Eboreo, Site203, 1.0
Eboreo, Site071, 1.0
Eboreo, Site053, 1.0
Eboreo, Site052, 1.0
Eboreo, Site279, 1.0
Eboreo, Site168, 1.0
Eboreo, Site204, 1.0
Eboreo, Site024, 1.0
Eboreo, Site077, 1.0
Eboreo, Site043, 1.0
Eboreo, Site046, 1.0
Eboreo, Site085, 1.0
Eboreo, Site107, 1.0
Eboreo, Site016, 1.0
Eboreo, Site091, 1.0
Eboreo, Site090, 1.0
Eboreo, Site147, 1.0
Eboreo, Site055, 1.0
Eboreo, Site216, 1.0
Eboreo, Site005, 1.0
Eboreo, Site078, 1.0
Eboreo, Site161, 1.0
Hischn, Site159, 1.0
Hischn, Site252, 1.0
Hischn, Site053, 1.0
Hischn, Site144, 1.0
Hischn, Site255, 1.0
Hischn, Site280, 1.0
Hischn, Site354, 1.0
Hischn, Site286, 1.0
Hischn, Site082, 1.0
Hischn, Site357, 1.0
Hischn, Site284, 1.0
Hischn, Site188, 1.0
Hischn, Site355, 1.0
Hischn, Site353, 1.0
Hischn, Site275, 1.0
Hischn, Site133, 1.0
Hischn, Site121, 1.0
Hischn, Site055, 1.0
Hischn, Site373, 1.0
Hischn, Site074, 1.0
Hischn, Site283, 1.0
Hischn, Site208, 1.0
Hischn, Site005, 1.0
Hischn, Site210, 1.0
Hischn, Site209, 1.0
Hischn, Site020, 1.0
Hischn, Site281, 1.0
Hischn, Site163, 1.0
Hischn, Site318, 1.0
Hischn, Site192, 1.0
Tspthr, Site243, 1.0
Ovimin, Site189, 1.0
Ovimin, Site296, 1.0
Ovimin, Site111, 1.0
Ovimin, Site070, 1.0
Ovimin, Site036, 1.0
Ovimin, Site039, 1.0
Ovimin, Site117, 1.0
Ovimin, Site319, 1.0
Ovimin, Site081, 1.0
Ovimin, Site066, 1.0
Ovimin, Site123, 1.0
Ovimin, Site021, 1.0
Ovimin, Site060, 1.0
Ovimin, Site038, 1.0
Ovimin, Site288, 1.0
Ovimin, Site103, 1.0
Ovimin, Site188, 1.0
Ovimin, Site113, 1.0
Ovimin, Site124, 1.0
Ovimin, Site190, 1.0
Ovimin, Site137, 1.0
Ovimin, Site027, 1.0
Ovimin, Site121, 1.0
Ovimin, Site224, 1.0
Ovimin, Site191, 1.0
Ovimin, Site034, 1.0
Ovimin, Site158, 1.0
Ovimin, Site001, 1.0
Ovimin, Site185, 1.0
Ovimin, Site156, 1.0
Ovimin, Site125, 1.0
Ovimin, Site002, 1.0
Ovimin, Site108, 1.0
Ovimin, Site157, 1.0
Ovimin, Site007, 1.0
Ovimin, Site244, 1.0
Ovimin, Site041, 1.0
Ovimin, Site062, 1.0
Ovimin, Site006, 1.0
Oherba, Site085, 1.0
Oherba, Site075, 1.0
Oherba, Site058, 1.0
Oherba, Site047, 1.0
Oherba, Site054, 1.0
Oherba, Site052, 1.0
Oherba, Site076, 1.0
Oherba, Site055, 1.0
Tspsix, Site060, 1.0
Smorle, Site143, 1.0
Smorle, Site349, 1.0
Smorle, Site255, 1.0
Smorle, Site332, 1.0
Smorle, Site107, 1.0
Smorle, Site313, 1.0
Smorle, Site026, 1.0
Smorle, Site259, 1.0
Smorle, Site293, 1.0
Smorle, Site302, 1.0
Smorle, Site283, 1.0
Smorle, Site006, 1.0
Sal20, Site171, 1.0
Sal20, Site220, 1.0
Sal20, Site020, 1.0
Sal20, Site100, 1.0
Atroch, Site212, 1.0
Atroch, Site071, 1.0
Bracsp, Site233, 1.0
Bracsp, Site131, 1.0
Mlongi, Site112, 1.0
Eangus, Site062, 1.0
Svesic, Site131, 1.0
Svesic, Site004, 1.0
Svesic, Site349, 1.0
Svesic, Site093, 1.0
Svesic, Site189, 1.0
Svesic, Site039, 1.0
Svesic, Site289, 1.0
Svesic, Site319, 1.0
Svesic, Site151, 1.0
Svesic, Site061, 1.0
Svesic, Site160, 1.0
Svesic, Site143, 1.0
Svesic, Site043, 1.0
Svesic, Site046, 1.0
Svesic, Site237, 1.0
Svesic, Site021, 1.0
Svesic, Site333, 1.0
Svesic, Site228, 1.0
Svesic, Site188, 1.0
Svesic, Site022, 1.0
Svesic, Site096, 1.0
Svesic, Site098, 1.0
Svesic, Site050, 1.0
Svesic, Site014, 1.0
Svesic, Site185, 1.0
Svesic, Site005, 1.0
Svesic, Site236, 1.0
Svesic, Site245, 1.0
Svesic, Site011, 1.0
Svesic, Site078, 1.0
Svesic, Site020, 1.0
Svesic, Site067, 1.0
Svesic, Site074, 1.0
Svesic, Site040, 1.0
Svesic, Site120, 1.0
Svesic, Site201, 1.0
Svesic, Site186, 1.0
Svesic, Site060, 1.0
Svesic, Site107, 1.0
Svesic, Site010, 1.0
Svesic, Site198, 1.0
Svesic, Site094, 1.0
Svesic, Site190, 1.0
Svesic, Site241, 1.0
Svesic, Site027, 1.0
Svesic, Site013, 1.0
Svesic, Site193, 1.0
Svesic, Site187, 1.0
Svesic, Site063, 1.0
Svesic, Site154, 1.0
Svesic, Site125, 1.0
Svesic, Site150, 1.0
Svesic, Site213, 1.0
Svesic, Site176, 1.0
Svesic, Site073, 1.0
Svesic, Site007, 1.0
Svesic, Site192, 1.0
Svesic, Site045, 1.0
Svesic, Site106, 1.0
Svesic, Site053, 1.0
Svesic, Site247, 1.0
Svesic, Site111, 1.0
Svesic, Site025, 1.0
Svesic, Site256, 1.0
Svesic, Site233, 1.0
Svesic, Site028, 1.0
Svesic, Site024, 1.0
Svesic, Site194, 1.0
Svesic, Site077, 1.0
Svesic, Site223, 1.0
Svesic, Site038, 1.0
Svesic, Site075, 1.0
Svesic, Site249, 1.0
Svesic, Site282, 1.0
Svesic, Site103, 1.0
Svesic, Site155, 1.0
Svesic, Site352, 1.0
Svesic, Site047, 1.0
Svesic, Site142, 1.0
Svesic, Site197, 1.0
Svesic, Site034, 1.0
Svesic, Site055, 1.0
Svesic, Site080, 1.0
Svesic, Site243, 1.0
Svesic, Site169, 1.0
Svesic, Site002, 1.0
Svesic, Site109, 1.0
Svesic, Site026, 1.0
Svesic, Site144, 1.0
Svesic, Site070, 1.0
Svesic, Site036, 1.0
Svesic, Site100, 1.0
Svesic, Site052, 1.0
Svesic, Site117, 1.0
Svesic, Site048, 1.0
Svesic, Site097, 1.0
Svesic, Site255, 1.0
Svesic, Site033, 1.0
Svesic, Site085, 1.0
Svesic, Site057, 1.0
Svesic, Site009, 1.0
Svesic, Site286, 1.0
Svesic, Site035, 1.0
Svesic, Site095, 1.0
Svesic, Site202, 1.0
Svesic, Site258, 1.0
Svesic, Site137, 1.0
Svesic, Site347, 1.0
Svesic, Site015, 1.0
Svesic, Site171, 1.0
Svesic, Site358, 1.0
Svesic, Site042, 1.0
Svesic, Site018, 1.0
Svesic, Site235, 1.0
Svesic, Site153, 1.0
Svesic, Site001, 1.0
Svesic, Site110, 1.0
Svesic, Site140, 1.0
Svesic, Site088, 1.0
Svesic, Site173, 1.0
Svesic, Site244, 1.0
Svesic, Site041, 1.0
Svesic, Site006, 1.0
Ovesic, Site124, 1.0
Ovesic, Site190, 1.0
Ovesic, Site063, 1.0
Ovesic, Site123, 1.0
Ovesic, Site060, 1.0
Ovesic, Site021, 1.0
Ovesic, Site296, 1.0
Ovesic, Site106, 1.0
Ovesic, Site111, 1.0
Ovesic, Site002, 1.0
Ovesic, Site036, 1.0
Ovesic, Site109, 1.0
Ovesic, Site103, 1.0
Ovesic, Site288, 1.0
Ovesic, Site034, 1.0
Ovesic, Site188, 1.0
Ovesic, Site244, 1.0
Ovesic, Site041, 1.0
Ovesic, Site001, 1.0
Ovesic, Site185, 1.0
Croman, Site282, 1.0
Croman, Site043, 1.0
Croman, Site020, 1.0
Croman, Site276, 1.0
Cvarie, Site293, 1.0
Hslana, Site090, 1.0
Bdisco, Site140, 1.0
Bdisco, Site190, 1.0
Bdisco, Site125, 1.0
Bdisco, Site186, 1.0
Bdisco, Site060, 1.0
Bdisco, Site002, 1.0
Bdisco, Site191, 1.0
Bdisco, Site187, 1.0
Bdisco, Site185, 1.0
Bdisco, Site041, 1.0
Bdisco, Site062, 1.0
Bdisco, Site061, 1.0
Sal50, Site047, 1.0
Bpulch, Site185, 1.0
Bpulch, Site103, 1.0
Bpulch, Site112, 1.0
Ssubar, Site217, 1.0
Ssubar, Site053, 1.0
Ssubar, Site015, 1.0
Ssubar, Site077, 1.0
Ssubar, Site208, 1.0
Sal10, Site260, 1.0
Sal10, Site252, 1.0
Sal10, Site189, 1.0
Sal10, Site296, 1.0
Sal10, Site106, 1.0
Sal10, Site111, 1.0
Sal10, Site070, 1.0
Sal10, Site036, 1.0
Sal10, Site254, 1.0
Sal10, Site117, 1.0
Sal10, Site289, 1.0
Sal10, Site028, 1.0
Sal10, Site319, 1.0
Sal10, Site039, 1.0
Sal10, Site024, 1.0
Sal10, Site270, 1.0
Sal10, Site081, 1.0
Sal10, Site066, 1.0
Sal10, Site123, 1.0
Sal10, Site322, 1.0
Sal10, Site255, 1.0
Sal10, Site060, 1.0
Sal10, Site021, 1.0
Sal10, Site170, 1.0
Sal10, Site038, 1.0
Sal10, Site173, 1.0
Sal10, Site292, 1.0
Sal10, Site129, 1.0
Sal10, Site291, 1.0
Sal10, Site288, 1.0
Sal10, Site103, 1.0
Sal10, Site299, 1.0
Sal10, Site301, 1.0
Sal10, Site221, 1.0
Sal10, Site188, 1.0
Sal10, Site113, 1.0
Sal10, Site124, 1.0
Sal10, Site316, 1.0
Sal10, Site190, 1.0
Sal10, Site323, 1.0
Sal10, Site137, 1.0
Sal10, Site027, 1.0
Sal10, Site121, 1.0
Sal10, Site116, 1.0
Sal10, Site358, 1.0
Sal10, Site224, 1.0
Sal10, Site191, 1.0
Sal10, Site034, 1.0
Sal10, Site063, 1.0
Sal10, Site158, 1.0
Sal10, Site001, 1.0
Sal10, Site185, 1.0
Sal10, Site321, 1.0
Sal10, Site156, 1.0
Sal10, Site125, 1.0
Sal10, Site338, 1.0
Sal10, Site300, 1.0
Sal10, Site002, 1.0
Sal10, Site315, 1.0
Sal10, Site115, 1.0
Sal10, Site109, 1.0
Sal10, Site126, 1.0
Sal10, Site108, 1.0
Sal10, Site157, 1.0
Sal10, Site007, 1.0
Sal10, Site134, 1.0
Sal10, Site244, 1.0
Sal10, Site041, 1.0
Sal10, Site062, 1.0
Sal10, Site290, 1.0
Sal10, Site006, 1.0
Eclytu, Site077, 1.0
Tetras, Site233, 1.0
Pnemat, Site190, 1.0
Pnemat, Site223, 1.0
Pnemat, Site186, 1.0
Pnemat, Site241, 1.0
Pnemat, Site125, 1.0
Pnemat, Site060, 1.0
Pnemat, Site013, 1.0
Pnemat, Site222, 1.0
Pnemat, Site098, 1.0
Pnemat, Site065, 1.0
Pnemat, Site187, 1.0
Pnemat, Site041, 1.0
Pnemat, Site061, 1.0
Odolic, Site077, 1.0
Odolic, Site016, 1.0
Odolic, Site074, 1.0
Odolic, Site072, 1.0
Odolic, Site143, 1.0
Odolic, Site015, 1.0
Odolic, Site285, 1.0
Odolic, Site053, 1.0
Odolic, Site047, 1.0
Odolic, Site086, 1.0
Odolic, Site256, 1.0
Odolic, Site055, 1.0
Odolic, Site145, 1.0
Etaige, Site071, 1.0
Tspfou, Site041, 1.0
Sal17, Site203, 1.0
Sal17, Site278, 1.0
Sal17, Site071, 1.0
Sal17, Site053, 1.0
Sal17, Site052, 1.0
Sal17, Site279, 1.0
Sal17, Site370, 1.0
Sal17, Site168, 1.0
Sal17, Site048, 1.0
Sal17, Site204, 1.0
Sal17, Site237, 1.0
Sal17, Site077, 1.0
Sal17, Site043, 1.0
Sal17, Site046, 1.0
Sal17, Site143, 1.0
Sal17, Site354, 1.0
Sal17, Site075, 1.0
Sal17, Site085, 1.0
Sal17, Site286, 1.0
Sal17, Site218, 1.0
Sal17, Site355, 1.0
Sal17, Site145, 1.0
Sal17, Site016, 1.0
Sal17, Site091, 1.0
Sal17, Site044, 1.0
Sal17, Site090, 1.0
Sal17, Site015, 1.0
Sal17, Site353, 1.0
Sal17, Site347, 1.0
Sal17, Site369, 1.0
Sal17, Site147, 1.0
Sal17, Site047, 1.0
Sal17, Site042, 1.0
Sal17, Site215, 1.0
Sal17, Site055, 1.0
Sal17, Site216, 1.0
Sal17, Site210, 1.0
Sal17, Site078, 1.0
Sal17, Site356, 1.0
Sal17, Site213, 1.0
Sal17, Site371, 1.0
Sal17, Site238, 1.0
Sal17, Site161, 1.0
Sal17, Site276, 1.0
Ospeit, Site046, 1.0
Ospeit, Site239, 1.0
Sal43, Site091, 1.0
Oretus, Site227, 1.0
Oretus, Site002, 1.0
Oretus, Site195, 1.0
Oretus, Site028, 1.0
Oretus, Site232, 1.0
Oretus, Site110, 1.0
Enobbe, Site159, 1.0
Enobbe, Site106, 1.0
Enobbe, Site089, 1.0
Enobbe, Site031, 1.0
Enobbe, Site111, 1.0
Enobbe, Site144, 1.0
Enobbe, Site180, 1.0
Enobbe, Site017, 1.0
Enobbe, Site081, 1.0
Enobbe, Site104, 1.0
Enobbe, Site024, 1.0
Enobbe, Site028, 1.0
Enobbe, Site151, 1.0
Enobbe, Site143, 1.0
Enobbe, Site046, 1.0
Enobbe, Site166, 1.0
Enobbe, Site182, 1.0
Enobbe, Site188, 1.0
Enobbe, Site022, 1.0
Enobbe, Site137, 1.0
Enobbe, Site098, 1.0
Enobbe, Site142, 1.0
Enobbe, Site183, 1.0
Enobbe, Site019, 1.0
Enobbe, Site167, 1.0
Enobbe, Site130, 1.0
Enobbe, Site083, 1.0
Enobbe, Site139, 1.0
Enobbe, Site140, 1.0
Enobbe, Site150, 1.0
Enobbe, Site165, 1.0
Enobbe, Site169, 1.0
Enobbe, Site184, 1.0
Enobbe, Site181, 1.0
Enobbe, Site109, 1.0
Enobbe, Site026, 1.0
Enobbe, Site062, 1.0
Hoblit, Site190, 1.0
Hoblit, Site200, 1.0
Hoblit, Site294, 1.0
Hoblit, Site186, 1.0
Hoblit, Site189, 1.0
Hoblit, Site177, 1.0
Hoblit, Site327, 1.0
Hoblit, Site265, 1.0
Hoblit, Site291, 1.0
Hoblit, Site115, 1.0
Hoblit, Site191, 1.0
Hoblit, Site301, 1.0
Hoblit, Site187, 1.0
Hoblit, Site117, 1.0
Hoblit, Site266, 1.0
Hoblit, Site342, 1.0
Hoblit, Site320, 1.0
Hoblit, Site270, 1.0
Hoblit, Site330, 1.0
Hoblit, Site134, 1.0
Sal33, Site132, 1.0
Aprost, Site021, 1.0
Sal22, Site027, 1.0
Sal22, Site194, 1.0
Sal22, Site192, 1.0
Eaurit, Site139, 1.0
Eaurit, Site298, 1.0
Eaurit, Site166, 1.0
Eaurit, Site141, 1.0
Eaurit, Site164, 1.0
Eaurit, Site169, 1.0
Eaurit, Site142, 1.0
Eaurit, Site181, 1.0
Eaurit, Site183, 1.0
Eaurit, Site167, 1.0
Eaurit, Site182, 1.0
Eaurit, Site154, 1.0
Eurozo, Site131, 1.0
Eurozo, Site190, 1.0
Eurozo, Site060, 1.0
Eurozo, Site142, 1.0
Eurozo, Site025, 1.0
Eurozo, Site041, 1.0
Eurozo, Site062, 1.0
Hcarin, Site081, 1.0
Hcarin, Site005, 1.0
Hcarin, Site154, 1.0
Hcarin, Site151, 1.0
Hcarin, Site281, 1.0
Sal42, Site090, 1.0
Celong, Site260, 1.0
Celong, Site349, 1.0
Celong, Site093, 1.0
Celong, Site367, 1.0
Celong, Site254, 1.0
Celong, Site370, 1.0
Celong, Site104, 1.0
Celong, Site272, 1.0
Celong, Site319, 1.0
Celong, Site081, 1.0
Celong, Site302, 1.0
Celong, Site143, 1.0
Celong, Site043, 1.0
Celong, Site136, 1.0
Celong, Site326, 1.0
Celong, Site333, 1.0
Celong, Site324, 1.0
Celong, Site299, 1.0
Celong, Site188, 1.0
Celong, Site353, 1.0
Celong, Site116, 1.0
Celong, Site098, 1.0
Celong, Site050, 1.0
Celong, Site320, 1.0
Celong, Site005, 1.0
Celong, Site336, 1.0
Celong, Site102, 1.0
Celong, Site020, 1.0
Celong, Site074, 1.0
Celong, Site071, 1.0
Celong, Site268, 1.0
Celong, Site270, 1.0
Celong, Site304, 1.0
Celong, Site262, 1.0
Celong, Site366, 1.0
Celong, Site186, 1.0
Celong, Site060, 1.0
Celong, Site280, 1.0
Celong, Site174, 1.0
Celong, Site217, 1.0
Celong, Site361, 1.0
Celong, Site107, 1.0
Celong, Site273, 1.0
Celong, Site207, 1.0
Celong, Site329, 1.0
Celong, Site323, 1.0
Celong, Site190, 1.0
Celong, Site285, 1.0
Celong, Site369, 1.0
Celong, Site191, 1.0
Celong, Site187, 1.0
Celong, Site212, 1.0
Celong, Site139, 1.0
Celong, Site125, 1.0
Celong, Site313, 1.0
Celong, Site213, 1.0
Celong, Site310, 1.0
Celong, Site119, 1.0
Celong, Site259, 1.0
Celong, Site331, 1.0
Celong, Site290, 1.0
Celong, Site295, 1.0
Celong, Site345, 1.0
Celong, Site159, 1.0
Celong, Site327, 1.0
Celong, Site308, 1.0
Celong, Site053, 1.0
Celong, Site247, 1.0
Celong, Site325, 1.0
Celong, Site287, 1.0
Celong, Site028, 1.0
Celong, Site311, 1.0
Celong, Site233, 1.0
Celong, Site024, 1.0
Celong, Site017, 1.0
Celong, Site077, 1.0
Celong, Site322, 1.0
Celong, Site354, 1.0
Celong, Site170, 1.0
Celong, Site075, 1.0
Celong, Site291, 1.0
Celong, Site103, 1.0
Celong, Site221, 1.0
Celong, Site145, 1.0
Celong, Site261, 1.0
Celong, Site072, 1.0
Celong, Site263, 1.0
Celong, Site047, 1.0
Celong, Site346, 1.0
Celong, Site055, 1.0
Celong, Site210, 1.0
Celong, Site080, 1.0
Celong, Site356, 1.0
Celong, Site338, 1.0
Celong, Site300, 1.0
Celong, Site109, 1.0
Celong, Site026, 1.0
Celong, Site303, 1.0
Celong, Site344, 1.0
Celong, Site328, 1.0
Celong, Site343, 1.0
Celong, Site318, 1.0
Celong, Site252, 1.0
Celong, Site144, 1.0
Celong, Site100, 1.0
Celong, Site271, 1.0
Celong, Site255, 1.0
Celong, Site009, 1.0
Celong, Site286, 1.0
Celong, Site301, 1.0
Celong, Site312, 1.0
Celong, Site016, 1.0
Celong, Site091, 1.0
Celong, Site044, 1.0
Celong, Site015, 1.0
Celong, Site347, 1.0
Celong, Site358, 1.0
Celong, Site042, 1.0
Celong, Site293, 1.0
Celong, Site130, 1.0
Celong, Site018, 1.0
Celong, Site269, 1.0
Celong, Site092, 1.0
Celong, Site317, 1.0
Celong, Site126, 1.0
Celong, Site115, 1.0
Celong, Site041, 1.0
Celong, Site134, 1.0
Celong, Site006, 1.0
Oadaph, Site004, 1.0
Oadaph, Site022, 1.0
Oadaph, Site137, 1.0
Oadaph, Site096, 1.0
Oadaph, Site245, 1.0
Oadaph, Site102, 1.0
Oadaph, Site021, 1.0
Oadaph, Site093, 1.0
Oadaph, Site012, 1.0
Oadaph, Site020, 1.0
Oadaph, Site106, 1.0
Oadaph, Site109, 1.0
Oadaph, Site036, 1.0
Oadaph, Site108, 1.0
Oadaph, Site034, 1.0
Oadaph, Site130, 1.0
Oadaph, Site104, 1.0
Oadaph, Site240, 1.0
Oadaph, Site318, 1.0
Oadaph, Site094, 1.0
Sal37, Site196, 1.0
Sal2, Site219, 1.0
Sal2, Site345, 1.0
Sal2, Site064, 1.0
Sal2, Site252, 1.0
Sal2, Site226, 1.0
Sal2, Site363, 1.0
Sal2, Site100, 1.0
Sal2, Site104, 1.0
Sal2, Site122, 1.0
Sal2, Site262, 1.0
Sal2, Site120, 1.0
Sal2, Site255, 1.0
Sal2, Site253, 1.0
Sal2, Site065, 1.0
Sal2, Site221, 1.0
Sal2, Site198, 1.0
Sal2, Site261, 1.0
Sal2, Site171, 1.0
Sal2, Site193, 1.0
Sal2, Site034, 1.0
Sal2, Site127, 1.0
Sal2, Site001, 1.0
Sal2, Site005, 1.0
Sal2, Site220, 1.0
Sal2, Site080, 1.0
Sal2, Site225, 1.0
Sal2, Site020, 1.0
Sal2, Site002, 1.0
Sal2, Site344, 1.0
Sal2, Site173, 1.0
Sal2, Site343, 1.0
Ppecti, Site002, 1.0
Ephyli, Site074, 1.0
Ephyli, Site285, 1.0
Ephyli, Site053, 1.0
Ephyli, Site055, 1.0
Ephyli, Site056, 1.0
Chalci, Site131, 1.0
Chalci, Site004, 1.0
Chalci, Site349, 1.0
Chalci, Site064, 1.0
Chalci, Site093, 1.0
Chalci, Site189, 1.0
Chalci, Site030, 1.0
Chalci, Site012, 1.0
Chalci, Site195, 1.0
Chalci, Site254, 1.0
Chalci, Site231, 1.0
Chalci, Site104, 1.0
Chalci, Site289, 1.0
Chalci, Site081, 1.0
Chalci, Site039, 1.0
Chalci, Site160, 1.0
Chalci, Site237, 1.0
Chalci, Site061, 1.0
Chalci, Site143, 1.0
Chalci, Site043, 1.0
Chalci, Site046, 1.0
Chalci, Site123, 1.0
Chalci, Site066, 1.0
Chalci, Site136, 1.0
Chalci, Site021, 1.0
Chalci, Site350, 1.0
Chalci, Site166, 1.0
Chalci, Site333, 1.0
Chalci, Site148, 1.0
Chalci, Site288, 1.0
Chalci, Site299, 1.0
Chalci, Site182, 1.0
Chalci, Site179, 1.0
Chalci, Site188, 1.0
Chalci, Site113, 1.0
Chalci, Site022, 1.0
Chalci, Site096, 1.0
Chalci, Site147, 1.0
Chalci, Site068, 1.0
Chalci, Site086, 1.0
Chalci, Site098, 1.0
Chalci, Site183, 1.0
Chalci, Site019, 1.0
Chalci, Site116, 1.0
Chalci, Site121, 1.0
Chalci, Site050, 1.0
Chalci, Site196, 1.0
Chalci, Site240, 1.0
Chalci, Site014, 1.0
Chalci, Site320, 1.0
Chalci, Site250, 1.0
Chalci, Site185, 1.0
Chalci, Site005, 1.0
Chalci, Site236, 1.0
Chalci, Site257, 1.0
Chalci, Site102, 1.0
Chalci, Site078, 1.0
Chalci, Site165, 1.0
Chalci, Site011, 1.0
Chalci, Site020, 1.0
Chalci, Site067, 1.0
Chalci, Site049, 1.0
Chalci, Site157, 1.0
Chalci, Site074, 1.0
Chalci, Site062, 1.0
Chalci, Site163, 1.0
Chalci, Site071, 1.0
Chalci, Site296, 1.0
Chalci, Site089, 1.0
Chalci, Site229, 1.0
Chalci, Site054, 1.0
Chalci, Site363, 1.0
Chalci, Site268, 1.0
Chalci, Site279, 1.0
Chalci, Site168, 1.0
Chalci, Site180, 1.0
Chalci, Site122, 1.0
Chalci, Site270, 1.0
Chalci, Site120, 1.0
Chalci, Site298, 1.0
Chalci, Site201, 1.0
Chalci, Site186, 1.0
Chalci, Site060, 1.0
Chalci, Site280, 1.0
Chalci, Site174, 1.0
Chalci, Site008, 1.0
Chalci, Site107, 1.0
Chalci, Site065, 1.0
Chalci, Site292, 1.0
Chalci, Site010, 1.0
Chalci, Site094, 1.0
Chalci, Site198, 1.0
Chalci, Site190, 1.0
Chalci, Site090, 1.0
Chalci, Site027, 1.0
Chalci, Site285, 1.0
Chalci, Site013, 1.0
Chalci, Site191, 1.0
Chalci, Site193, 1.0
Chalci, Site187, 1.0
Chalci, Site063, 1.0
Chalci, Site158, 1.0
Chalci, Site239, 1.0
Chalci, Site083, 1.0
Chalci, Site154, 1.0
Chalci, Site125, 1.0
Chalci, Site150, 1.0
Chalci, Site230, 1.0
Chalci, Site175, 1.0
Chalci, Site151, 1.0
Chalci, Site213, 1.0
Chalci, Site119, 1.0
Chalci, Site176, 1.0
Chalci, Site238, 1.0
Chalci, Site108, 1.0
Chalci, Site192, 1.0
Chalci, Site290, 1.0
Chalci, Site227, 1.0
Chalci, Site203, 1.0
Chalci, Site295, 1.0
Chalci, Site045, 1.0
Chalci, Site159, 1.0
Chalci, Site294, 1.0
Chalci, Site069, 1.0
Chalci, Site106, 1.0
Chalci, Site053, 1.0
Chalci, Site111, 1.0
Chalci, Site287, 1.0
Chalci, Site025, 1.0
Chalci, Site017, 1.0
Chalci, Site028, 1.0
Chalci, Site256, 1.0
Chalci, Site024, 1.0
Chalci, Site233, 1.0
Chalci, Site194, 1.0
Chalci, Site204, 1.0
Chalci, Site077, 1.0
Chalci, Site223, 1.0
Chalci, Site112, 1.0
Chalci, Site038, 1.0
Chalci, Site075, 1.0
Chalci, Site170, 1.0
Chalci, Site291, 1.0
Chalci, Site082, 1.0
Chalci, Site249, 1.0
Chalci, Site059, 1.0
Chalci, Site282, 1.0
Chalci, Site103, 1.0
Chalci, Site145, 1.0
Chalci, Site199, 1.0
Chalci, Site124, 1.0
Chalci, Site149, 1.0
Chalci, Site072, 1.0
Chalci, Site155, 1.0
Chalci, Site352, 1.0
Chalci, Site087, 1.0
Chalci, Site047, 1.0
Chalci, Site242, 1.0
Chalci, Site142, 1.0
Chalci, Site197, 1.0
Chalci, Site034, 1.0
Chalci, Site055, 1.0
Chalci, Site220, 1.0
Chalci, Site243, 1.0
Chalci, Site169, 1.0
Chalci, Site184, 1.0
Chalci, Site002, 1.0
Chalci, Site084, 1.0
Chalci, Site051, 1.0
Chalci, Site109, 1.0
Chalci, Site026, 1.0
Chalci, Site161, 1.0
Chalci, Site146, 1.0
Chalci, Site318, 1.0
Chalci, Site056, 1.0
Chalci, Site099, 1.0
Chalci, Site276, 1.0
Chalci, Site052, 1.0
Chalci, Site144, 1.0
Chalci, Site172, 1.0
Chalci, Site036, 1.0
Chalci, Site100, 1.0
Chalci, Site117, 1.0
Chalci, Site070, 1.0
Chalci, Site048, 1.0
Chalci, Site097, 1.0
Chalci, Site271, 1.0
Chalci, Site255, 1.0
Chalci, Site033, 1.0
Chalci, Site141, 1.0
Chalci, Site085, 1.0
Chalci, Site162, 1.0
Chalci, Site057, 1.0
Chalci, Site205, 1.0
Chalci, Site214, 1.0
Chalci, Site286, 1.0
Chalci, Site009, 1.0
Chalci, Site035, 1.0
Chalci, Site301, 1.0
Chalci, Site095, 1.0
Chalci, Site232, 1.0
Chalci, Site076, 1.0
Chalci, Site297, 1.0
Chalci, Site202, 1.0
Chalci, Site016, 1.0
Chalci, Site091, 1.0
Chalci, Site258, 1.0
Chalci, Site137, 1.0
Chalci, Site015, 1.0
Chalci, Site347, 1.0
Chalci, Site044, 1.0
Chalci, Site164, 1.0
Chalci, Site171, 1.0
Chalci, Site358, 1.0
Chalci, Site224, 1.0
Chalci, Site042, 1.0
Chalci, Site293, 1.0
Chalci, Site152, 1.0
Chalci, Site130, 1.0
Chalci, Site167, 1.0
Chalci, Site018, 1.0
Chalci, Site235, 1.0
Chalci, Site153, 1.0
Chalci, Site001, 1.0
Chalci, Site003, 1.0
Chalci, Site110, 1.0
Chalci, Site138, 1.0
Chalci, Site178, 1.0
Chalci, Site088, 1.0
Chalci, Site140, 1.0
Chalci, Site156, 1.0
Chalci, Site181, 1.0
Chalci, Site079, 1.0
Chalci, Site115, 1.0
Chalci, Site173, 1.0
Chalci, Site244, 1.0
Chalci, Site041, 1.0
Chalci, Site006, 1.0
Sal47, Site143, 1.0
Tspfiv, Site188, 1.0
Tspfiv, Site060, 1.0
Ccruxx, Site131, 1.0
Ccruxx, Site064, 1.0
Ccruxx, Site294, 1.0
Ccruxx, Site045, 1.0
Ccruxx, Site189, 1.0
Ccruxx, Site069, 1.0
Ccruxx, Site053, 1.0
Ccruxx, Site012, 1.0
Ccruxx, Site247, 1.0
Ccruxx, Site111, 1.0
Ccruxx, Site031, 1.0
Ccruxx, Site105, 1.0
Ccruxx, Site070, 1.0
Ccruxx, Site036, 1.0
Ccruxx, Site039, 1.0
Ccruxx, Site254, 1.0
Ccruxx, Site117, 1.0
Ccruxx, Site289, 1.0
Ccruxx, Site097, 1.0
Ccruxx, Site006, 1.0
Ccruxx, Site061, 1.0
Ccruxx, Site255, 1.0
Ccruxx, Site223, 1.0
Ccruxx, Site186, 1.0
Ccruxx, Site112, 1.0
Ccruxx, Site060, 1.0
Ccruxx, Site021, 1.0
Ccruxx, Site141, 1.0
Ccruxx, Site038, 1.0
Ccruxx, Site333, 1.0
Ccruxx, Site008, 1.0
Ccruxx, Site292, 1.0
Ccruxx, Site291, 1.0
Ccruxx, Site009, 1.0
Ccruxx, Site249, 1.0
Ccruxx, Site288, 1.0
Ccruxx, Site035, 1.0
Ccruxx, Site095, 1.0
Ccruxx, Site010, 1.0
Ccruxx, Site188, 1.0
Ccruxx, Site222, 1.0
Ccruxx, Site094, 1.0
Ccruxx, Site258, 1.0
Ccruxx, Site022, 1.0
Ccruxx, Site190, 1.0
Ccruxx, Site096, 1.0
Ccruxx, Site164, 1.0
Ccruxx, Site241, 1.0
Ccruxx, Site029, 1.0
Ccruxx, Site013, 1.0
Ccruxx, Site332, 1.0
Ccruxx, Site171, 1.0
Ccruxx, Site242, 1.0
Ccruxx, Site116, 1.0
Ccruxx, Site098, 1.0
Ccruxx, Site224, 1.0
Ccruxx, Site191, 1.0
Ccruxx, Site037, 1.0
Ccruxx, Site187, 1.0
Ccruxx, Site293, 1.0
Ccruxx, Site196, 1.0
Ccruxx, Site130, 1.0
Ccruxx, Site014, 1.0
Ccruxx, Site018, 1.0
Ccruxx, Site153, 1.0
Ccruxx, Site001, 1.0
Ccruxx, Site185, 1.0
Ccruxx, Site236, 1.0
Ccruxx, Site125, 1.0
Ccruxx, Site011, 1.0
Ccruxx, Site119, 1.0
Ccruxx, Site023, 1.0
Ccruxx, Site176, 1.0
Ccruxx, Site109, 1.0
Ccruxx, Site108, 1.0
Ccruxx, Site067, 1.0
Ccruxx, Site049, 1.0
Ccruxx, Site007, 1.0
Ccruxx, Site248, 1.0
Ccruxx, Site041, 1.0
Ccruxx, Site062, 1.0
Ccruxx, Site192, 1.0
Ccruxx, Site290, 1.0
Ccruxx, Site295, 1.0
Sal24, Site227, 1.0
Sal24, Site195, 1.0
Sal24, Site002, 1.0
Sal24, Site028, 1.0
Sal24, Site232, 1.0
Sal24, Site110, 1.0
Eciner, Site169, 1.0
Eciner, Site297, 1.0
Eciner, Site205, 1.0
Eciner, Site006, 1.0
Oglabr, Site077, 1.0
Oglabr, Site143, 1.0
Oglabr, Site046, 1.0
Oglabr, Site016, 1.0
Oglabr, Site071, 1.0
Oglabr, Site078, 1.0
Oglabr, Site084, 1.0
Oglabr, Site052, 1.0
Oglabr, Site082, 1.0
Oglabr, Site286, 1.0
Oglabr, Site042, 1.0
Oglabr, Site055, 1.0
Ctenoc, Site353, 1.0
Axanth, Site185, 1.0
Sal44, Site169, 1.0
Strico, Site005, 1.0
Strico, Site255, 1.0
Strico, Site200, 1.0
Strico, Site294, 1.0
Strico, Site209, 1.0
Strico, Site170, 1.0
Strico, Site020, 1.0
Strico, Site265, 1.0
Strico, Site346, 1.0
Strico, Site144, 1.0
Strico, Site126, 1.0
Strico, Site302, 1.0
Strico, Site283, 1.0
Ocolla, Site131, 1.0
Ocolla, Site150, 1.0
Ocolla, Site008, 1.0
Ocolla, Site142, 1.0
Ocolla, Site009, 1.0
Ocolla, Site233, 1.0
Ocolla, Site287, 1.0
Ocolla, Site095, 1.0
Ocolla, Site097, 1.0
Ocolla, Site094, 1.0
Bconju, Site117, 1.0
Bconju, Site187, 1.0
Bconju, Site185, 1.0
Bconju, Site189, 1.0
Atymbe, Site022, 1.0
Sal21, Site005, 1.0
Sal21, Site294, 1.0
Sal21, Site281, 1.0
Sal21, Site081, 1.0
Sal21, Site154, 1.0
Sal21, Site151, 1.0
Sal21, Site295, 1.0
Lsubco, Site222, 1.0
Obrevi, Site027, 1.0
Obrevi, Site194, 1.0
Obrevi, Site192, 1.0
Esmyrs, Site285, 1.0
Esmyrs, Site055, 1.0
Esmyrs, Site083, 1.0
Bracin, Site260, 1.0
Bracin, Site004, 1.0
Bracin, Site056, 1.0
Bracin, Site131, 1.0
Bracin, Site144, 1.0
Bracin, Site052, 1.0
Bracin, Site036, 1.0
Bracin, Site100, 1.0
Bracin, Site104, 1.0
Bracin, Site017, 1.0
Bracin, Site256, 1.0
Bracin, Site028, 1.0
Bracin, Site024, 1.0
Bracin, Site194, 1.0
Bracin, Site237, 1.0
Bracin, Site143, 1.0
Bracin, Site046, 1.0
Bracin, Site186, 1.0
Bracin, Site060, 1.0
Bracin, Site170, 1.0
Bracin, Site333, 1.0
Bracin, Site009, 1.0
Bracin, Site286, 1.0
Bracin, Site035, 1.0
Bracin, Site362, 1.0
Bracin, Site188, 1.0
Bracin, Site145, 1.0
Bracin, Site258, 1.0
Bracin, Site190, 1.0
Bracin, Site015, 1.0
Bracin, Site263, 1.0
Bracin, Site285, 1.0
Bracin, Site047, 1.0
Bracin, Site274, 1.0
Bracin, Site191, 1.0
Bracin, Site034, 1.0
Bracin, Site187, 1.0
Bracin, Site130, 1.0
Bracin, Site001, 1.0
Bracin, Site185, 1.0
Bracin, Site110, 1.0
Bracin, Site208, 1.0
Bracin, Site005, 1.0
Bracin, Site250, 1.0
Bracin, Site283, 1.0
Bracin, Site140, 1.0
Bracin, Site243, 1.0
Bracin, Site078, 1.0
Bracin, Site020, 1.0
Bracin, Site002, 1.0
Bracin, Site213, 1.0
Bracin, Site073, 1.0
Bracin, Site126, 1.0
Bracin, Site026, 1.0
Bracin, Site007, 1.0
Bracin, Site318, 1.0
Bracin, Site062, 1.0
Bracin, Site192, 1.0
Bracin, Site134, 1.0
Bracin, Site295, 1.0
Otrian, Site258, 1.0
Otrian, Site116, 1.0
Otrian, Site109, 1.0
Otrian, Site039, 1.0
Otrian, Site187, 1.0
Otrian, Site153, 1.0
Otrian, Site222, 1.0
Cincer, Site120, 1.0
Cincer, Site101, 1.0
Sal52, Site294, 1.0
Sal38, Site187, 1.0
Hpruss, Site260, 1.0
Hpruss, Site294, 1.0
Hpruss, Site308, 1.0
Hpruss, Site206, 1.0
Hpruss, Site247, 1.0
Hpruss, Site325, 1.0
Hpruss, Site268, 1.0
Hpruss, Site364, 1.0
Hpruss, Site272, 1.0
Hpruss, Site233, 1.0
Hpruss, Site311, 1.0
Hpruss, Site302, 1.0
Hpruss, Site270, 1.0
Hpruss, Site304, 1.0
Hpruss, Site271, 1.0
Hpruss, Site326, 1.0
Hpruss, Site060, 1.0
Hpruss, Site333, 1.0
Hpruss, Site290, 1.0
Hpruss, Site273, 1.0
Hpruss, Site291, 1.0
Hpruss, Site009, 1.0
Hpruss, Site314, 1.0
Hpruss, Site301, 1.0
Hpruss, Site312, 1.0
Hpruss, Site334, 1.0
Hpruss, Site365, 1.0
Hpruss, Site263, 1.0
Hpruss, Site368, 1.0
Hpruss, Site332, 1.0
Hpruss, Site116, 1.0
Hpruss, Site191, 1.0
Hpruss, Site293, 1.0
Hpruss, Site130, 1.0
Hpruss, Site320, 1.0
Hpruss, Site295, 1.0
Hpruss, Site338, 1.0
Hpruss, Site307, 1.0
Hpruss, Site313, 1.0
Hpruss, Site310, 1.0
Hpruss, Site305, 1.0
Hpruss, Site119, 1.0
Hpruss, Site259, 1.0
Hpruss, Site007, 1.0
Hpruss, Site331, 1.0
Hpruss, Site041, 1.0
Hpruss, Site318, 1.0
Hpruss, Site134, 1.0
Hpruss, Site006, 1.0
Peuura, Site071, 1.0
Peuura, Site106, 1.0
Peuura, Site111, 1.0
Peuura, Site287, 1.0
Peuura, Site180, 1.0
Peuura, Site028, 1.0
Peuura, Site081, 1.0
Peuura, Site024, 1.0
Peuura, Site194, 1.0
Peuura, Site151, 1.0
Peuura, Site143, 1.0
Peuura, Site033, 1.0
Peuura, Site021, 1.0
Peuura, Site205, 1.0
Peuura, Site107, 1.0
Peuura, Site091, 1.0
Peuura, Site090, 1.0
Peuura, Site027, 1.0
Peuura, Site047, 1.0
Peuura, Site171, 1.0
Peuura, Site019, 1.0
Peuura, Site055, 1.0
Peuura, Site083, 1.0
Peuura, Site138, 1.0
Peuura, Site005, 1.0
Peuura, Site139, 1.0
Peuura, Site080, 1.0
Peuura, Site020, 1.0
Peuura, Site181, 1.0
Peuura, Site079, 1.0
Peuura, Site109, 1.0
Peuura, Site026, 1.0
Peuura, Site062, 1.0
Peuura, Site192, 1.0
Ppumil, Site274, 1.0
Ppumil, Site190, 1.0
Ppumil, Site254, 1.0
Salpin, Site002, 1.0
Binter, Site140, 1.0
Binter, Site245, 1.0
Binter, Site189, 1.0
Binter, Site060, 1.0
Binter, Site243, 1.0
Binter, Site002, 1.0
Binter, Site224, 1.0
Binter, Site244, 1.0
Binter, Site041, 1.0
Hpolit, Site260, 1.0
Hpolit, Site252, 1.0
Hpolit, Site189, 1.0
Hpolit, Site117, 1.0
Hpolit, Site270, 1.0
Hpolit, Site255, 1.0
Hpolit, Site060, 1.0
Hpolit, Site129, 1.0
Hpolit, Site170, 1.0
Hpolit, Site291, 1.0
Hpolit, Site301, 1.0
Hpolit, Site103, 1.0
Hpolit, Site221, 1.0
Hpolit, Site316, 1.0
Hpolit, Site323, 1.0
Hpolit, Site121, 1.0
Hpolit, Site116, 1.0
Hpolit, Site191, 1.0
Hpolit, Site338, 1.0
Hpolit, Site300, 1.0
Hpolit, Site315, 1.0
Hpolit, Site126, 1.0
Hpolit, Site115, 1.0
Hpolit, Site109, 1.0
Hpolit, Site134, 1.0
Hpolit, Site041, 1.0
Hpolit, Site290, 1.0
Hpolit, Site006, 1.0
Llappo, Site091, 1.0
Llappo, Site086, 1.0
Llappo, Site090, 1.0
Omonti, Site220, 1.0
Omonti, Site100, 1.0
Omonti, Site020, 1.0
Omonti, Site002, 1.0
Obella, Site139, 1.0
Obella, Site140, 1.0
Obella, Site141, 1.0
Obella, Site060, 1.0
Obella, Site174, 1.0
Obella, Site287, 1.0
Obella, Site059, 1.0
Obella, Site282, 1.0
Obella, Site154, 1.0
Olappo, Site077, 1.0
Olappo, Site016, 1.0
Olappo, Site046, 1.0
Olappo, Site043, 1.0
Olappo, Site091, 1.0
Olappo, Site015, 1.0
Olappo, Site090, 1.0
Olappo, Site044, 1.0
Olappo, Site085, 1.0
Olappo, Site078, 1.0
Olappo, Site053, 1.0
Olappo, Site047, 1.0
Olappo, Site042, 1.0
Olappo, Site050, 1.0
Olappo, Site351, 1.0
Olappo, Site074, 1.0
Olappo, Site237, 1.0
Dwestw, Site020, 1.0
Hnudip, Site077, 1.0
Hnudip, Site143, 1.0
Hnudip, Site349, 1.0
Hnudip, Site159, 1.0
Hnudip, Site071, 1.0
Hnudip, Site015, 1.0
Hnudip, Site353, 1.0
Hnudip, Site217, 1.0
Hnudip, Site372, 1.0
Hnudip, Site053, 1.0
Hnudip, Site354, 1.0
Hnudip, Site144, 1.0
Hnudip, Site286, 1.0
Hnudip, Site055, 1.0
Hnudip, Site074, 1.0
Hnudip, Site274, 1.0
Hnudip, Site212, 1.0
Hnudip, Site207, 1.0
Hnudip, Site208, 1.0
Egemmc, Site169, 1.0
Egemmc, Site026, 1.0
Egemmc, Site130, 1.0
Egemmc, Site006, 1.0
Ohasta, Site071, 1.0
Ohasta, Site053, 1.0
Ohasta, Site036, 1.0
Ohasta, Site028, 1.0
Ohasta, Site024, 1.0
Ohasta, Site151, 1.0
Ohasta, Site120, 1.0
Ohasta, Site143, 1.0
Ohasta, Site046, 1.0
Ohasta, Site107, 1.0
Ohasta, Site246, 1.0
Ohasta, Site137, 1.0
Ohasta, Site347, 1.0
Ohasta, Site027, 1.0
Ohasta, Site042, 1.0
Ohasta, Site034, 1.0
Ohasta, Site055, 1.0
Ohasta, Site110, 1.0
Ohasta, Site005, 1.0
Ohasta, Site213, 1.0
Ohasta, Site002, 1.0
Ohasta, Site051, 1.0
Ohasta, Site026, 1.0
Ohasta, Site074, 1.0
Llugen, Site117, 1.0
Llugen, Site061, 1.0
Llugen, Site120, 1.0
Llugen, Site223, 1.0
Llugen, Site186, 1.0
Llugen, Site060, 1.0
Llugen, Site249, 1.0
Llugen, Site035, 1.0
Llugen, Site010, 1.0
Llugen, Site199, 1.0
Llugen, Site190, 1.0
Llugen, Site241, 1.0
Llugen, Site013, 1.0
Llugen, Site242, 1.0
Llugen, Site098, 1.0
Llugen, Site224, 1.0
Llugen, Site191, 1.0
Llugen, Site034, 1.0
Llugen, Site187, 1.0
Llugen, Site018, 1.0
Llugen, Site153, 1.0
Llugen, Site125, 1.0
Llugen, Site102, 1.0
Llugen, Site011, 1.0
Llugen, Site007, 1.0
Llugen, Site041, 1.0
Llugen, Site062, 1.0
Themip, Site027, 1.0
Themip, Site041, 1.0
Etorym, Site004, 1.0
Etorym, Site056, 1.0
Etorym, Site071, 1.0
Etorym, Site093, 1.0
Etorym, Site106, 1.0
Etorym, Site053, 1.0
Etorym, Site111, 1.0
Etorym, Site144, 1.0
Etorym, Site052, 1.0
Etorym, Site036, 1.0
Etorym, Site100, 1.0
Etorym, Site070, 1.0
Etorym, Site117, 1.0
Etorym, Site104, 1.0
Etorym, Site028, 1.0
Etorym, Site233, 1.0
Etorym, Site172, 1.0
Etorym, Site024, 1.0
Etorym, Site160, 1.0
Etorym, Site143, 1.0
Etorym, Site255, 1.0
Etorym, Site046, 1.0
Etorym, Site112, 1.0
Etorym, Site021, 1.0
Etorym, Site060, 1.0
Etorym, Site174, 1.0
Etorym, Site038, 1.0
Etorym, Site170, 1.0
Etorym, Site008, 1.0
Etorym, Site107, 1.0
Etorym, Site057, 1.0
Etorym, Site075, 1.0
Etorym, Site009, 1.0
Etorym, Site082, 1.0
Etorym, Site148, 1.0
Etorym, Site035, 1.0
Etorym, Site103, 1.0
Etorym, Site188, 1.0
Etorym, Site094, 1.0
Etorym, Site277, 1.0
Etorym, Site190, 1.0
Etorym, Site022, 1.0
Etorym, Site137, 1.0
Etorym, Site096, 1.0
Etorym, Site015, 1.0
Etorym, Site090, 1.0
Etorym, Site285, 1.0
Etorym, Site027, 1.0
Etorym, Site121, 1.0
Etorym, Site142, 1.0
Etorym, Site224, 1.0
Etorym, Site191, 1.0
Etorym, Site034, 1.0
Etorym, Site050, 1.0
Etorym, Site055, 1.0
Etorym, Site074, 1.0
Etorym, Site001, 1.0
Etorym, Site083, 1.0
Etorym, Site140, 1.0
Etorym, Site005, 1.0
Etorym, Site125, 1.0
Etorym, Site230, 1.0
Etorym, Site102, 1.0
Etorym, Site078, 1.0
Etorym, Site243, 1.0
Etorym, Site225, 1.0
Etorym, Site020, 1.0
Etorym, Site002, 1.0
Etorym, Site238, 1.0
Etorym, Site023, 1.0
Etorym, Site051, 1.0
Etorym, Site109, 1.0
Etorym, Site026, 1.0
Etorym, Site108, 1.0
Etorym, Site067, 1.0
Etorym, Site157, 1.0
Etorym, Site007, 1.0
Etorym, Site244, 1.0
Etorym, Site041, 1.0
Etorym, Site062, 1.0
Etorym, Site192, 1.0
Etorym, Site207, 1.0
Etorym, Site227, 1.0
