Sal18, Hanoma
Sal45, Hscapr
Hscapr, Ospset
Hangli, Sal31
Oretic, Bkopel
Bdisco, Pnemat
Llappo, Hslana
Sal4, Egemmf
Sal50, Snigri
Agalli, Sal8
Sal27, Osamol
Pdolic, Eacicu
Bracsp, Eweiff
Sal6, Oadaph
Sal46, Omyrti
Eweiff, Ocolla
Oglabr, Osamol
Sal11, Oproxi
Eangus, Apante
Hplicg, Sal17
Atroch, Etaige
Sal36, Tspfiv
Hscapr, Omyrti
Ospset, Esmyrt
Oarcti, Sal27
Ospset, Lalpiu
Elappo, Olappl
Elappo, Osamol
Hslana, Sal42
Sal49, Sal19
Ecalca, Opprox
Hsglab, Sal32
Aacumi, Esalic
Llugen, Oproxi
Sal17, Sal14
Sal16, Sal14
Hpolit, Sal10
Omacul, Sal7
Elappo, Sal14
Esmyrt, Ospset
Olappo, Sal14
Olappo, Sal27
Oproxi, Llugen
Hscapr, Lalpiu
Ealbit, Eurozo
Sal13, Eweiff
Tspfiv, Aalvea
Psauli, Themip
Omyrti, Esmyrt
Lalpiu, Ospset
Tetras, Bracsp
Salpin, Lalpio
Geliss, Agalli
Etaige, Atroch
Sal23, Oretic
Esmyrt, Emyrti
Sal35, Eweiff
Torymu, Tetras
Ctenoc, Snigri
Sal25, Heryth
Sborea, Efront
Ppumil, Sal39
Rbrach, Snigri
Ehasta, Sal5
Hslana, Llappo
Osamol, Elappo
Eridol, Sal35
Sal47, Ospset
Omyrti, Sal45
Esmyrt, Omyrti
Onival, Olappl
Osamol, Oglabr
Sal30, Hscapr
Hscapr, Sal46
Sal27, Onival
Sal3, Ovaria
Hplicd, Edaphn
Oretic, Sal23
Olappl, Olappo
Sal24, Oretus
Sal9, Hpruss
Sal29, Onorve
Elappo, Elappc
Oretus, Sal24
Lalpio, Ppecti
Mymari, Obrevi
Tspone, Salpin
Olappl, Onival
Lflexi, Osamol
Egemmh, Sal7
Themip, Psauli
Hscapr, Sal45
Hischn, Sal3
Hleuco, Sal18
Svesic, Chalci
Sal22, Obrevi
Aalvea, Ialter
Bpulch, Axanth
Ppecti, Lalpio
Tspthr, Tsptwo
Omyrti, Sal46
Eanali, Polybl
Pdolic, Svesic
Snigri, Efront
Pterom, Salcal
Ovesic, Ovimin
Olappl, Elappo
Sal1, Okriec
Halien, Heryth
Csalic, Tspfiv
Torymu, Bracsp
Ospset, Hscapr
Olappo, Elappo
Hanoma, Sal18
Sal46, Sal45
Bkopel, Oretic
Sal25, Halien
Oglabr, Lflexi
Sal16, Hnudip
Psoemi, Ohelve
Pnemat, Llugen
Sal8, Omacul
Sal27, Olappl
Ovimin, Ovesic
Osamol, Olappl
Sal32, Hsglab
Eweiff, Sal13
Egemmf, Sal4
Hplicl, Hacuti
Gornat, Torymu
Sal45, Sal47
Dwestw, Sal19
Onival, Sal27
Torymu, Aprost
Ehasta, Ohasta
Efront, Ctenoc
Hsglau, Hplicl
Lalpiu, Omyrti
Sal27, Oarcti
Esmyrs, Ephyli
Salcal, Psoemi
Sal46, Hscapr
Oobscu, Ofoeti
Ilappo, Onival
Aalvea, Pclavi
Svesic, Eacicu
Sal26, Otrian
Oherba, Sal28
Ialter, Sal36
Olappl, Eboreo
Sal7, Omacul
Sal9, Hleuca
Omyrti, Emyrti
Sal3, Hischn
Esmyrt, Sal30
Amorri, Tspsix
Lalpio, Tspone
Hpruss, Hleuca
Elappo, Olappo
Themip, Tspfou
Aalvea, Tspsix
Eaurit, Emucro
Esalic, Aacumi
Oelaea, Aprost
Tspfou, Themip
Tsptwo, Tspthr
Pdolic, Etorym
Sal47, Sal45
Sal17, Onival
Sal43, Llappo
Mymari, Sal22
Onival, Sal17
Sal18, Hleuco
Geliss, Themip
Eweiff, Bracsp
Onival, Olappo
Lflexi, Oglabr
Olappo, Onival
Otrian, Sal26
Oproxi, Sal12
Elappc, Elappo
Tspsix, Pclavi
Sal30, Ospset
Ccruxx, Pdolic
Ospset, Sal47
Sal27, Lflexi
Rbrach, Efront
Llappo, Sal43
Emyrti, Sal30
Sal47, Srenov
Ospset, Sal30
Ohasta, Ehasta
Mspone, Tspfou
Acubic, Olappl
Pnemat, Bdisco
Sal27, Elanat
Emucro, Sal25
Ctrifa, Ohelve
Ovaria, Sal3
Bracsp, Tetras
Egemmc, Eciner
Ctenoc, Rbrach
Ecalca, Sal52
Mspone, Psauli
Sal8, Agalli
Hacuti, Hplicl
Oaacut, Sal48
Themip, Mymari
Cdorsa, Sal44
Ctenoc, Sborea
Osamol, Acubic
Omyrti, Sal30
Elappo, Onival
Omyrti, Sal47
Llugen, Pnemat
Rbrach, Sborea
Onival, Eboreo
Hcarin, Sal21
Emucro, Eaurit
Sborea, Ctenoc
Agalli, Geliss
Sal17, Eboreo
Salcal, Pterom
Ospset, Omyrti
Egemmf, Ofoeti
Olappo, Osamol
Oelaea, Atymbe
Onival, Oglabr
Oglabr, Onival
Sal45, Omyrti
Sal1, Eelaea
Sal27, Olappo
Etorym, Pdolic
Elappo, Sal27
Pdolic, Chalci
Bracsp, Torymu
Pdolic, Ccruxx
Ospset, Emyrti
Ialter, Aalvea
Tspfiv, Amorri
Sal35, Eridol
Hscapr, Sal47
Sal30, Emyrti
Oglabr, Elanat
Sal45, Srenov
Heryth, Sal25
Sal23, Bkopel
Acubic, Olappo
Hleuco, Hanoma
Sal21, Hcarin
Sal10, Ovimin
Ohelve, Ctrifa
Ofoeti, Sal4
Sal25, Emucro
Emyrti, Hscapr
Latole, Ichnsp
Oarcti, Sal16
Eacicu, Chalci
Halien, Sal25
Sal19, Dwestw
Snigri, Ctenoc
Sal5, Ehasta
Ppecti, Salpin
Sal27, Elappo
Heryth, Halien
Opprox, Sal52
Mlongi, Bpulch
Ohelve, Psoemi
Obrevi, Mymari
Onival, Ilappo
Elanat, Oglabr
Tspfiv, Ialter
Axanth, Bpulch
Bobscu, Sal22
Tspsix, Tspfiv
Geliss, Mymari
Olappo, Elappc
Emyrti, Omyrti
Tspone, Ppecti
Elanat, Sal27
Tspfiv, Csalic
Sal2, Obridg
Eacicu, Pdolic
Opprox, Ecalca
Oarcti, Odolic
Bkopel, Sal23
Snigri, Rbrach
Osamol, Sal14
Psauli, Mspone
Omyrti, Ospset
Sal45, Sal46
Edaphn, Hplicd
Etorym, Eacicu
Sal47, Hscapr
Osamol, Elanat
Tspfiv, Bpicti
Hanoma, Hleuco
Ocolla, Eweiff
Svesic, Pdolic
Omacul, Egemmh
Sal16, Oarcti
Sal46, Ospset
Olappl, Elappc
Sal14, Osamol
Bpulch, Mlongi
Opolar, Sal50
Sal19, Sal49
Osamol, Lflexi
Sal31, Hangli
Lflexi, Onival
Elappo, Acubic
Emyrti, Ospset
Espone, Dlongi
Pclavi, Tspfiv
Dlongi, Espone
Onival, Elappo
Eboreo, Olappl
Snigri, Opolar
Csalic, Ialter
Themip, Geliss
Egemmh, Omacul
Sal30, Esmyrt
Sal41, Sal44
Mymari, Geliss
Srenov, Hscapr
Amorri, Tspfiv
Elappc, Olappl
Eelaea, Sal1
Eurozo, Ealbit
Ovimin, Sal10
Sal47, Sal46
Oproxi, Sal11
Polybl, Eanali
Sal12, Oproxi
Hpruss, Sal9
Tspone, Axanth
Hscapr, Sal30
Sal48, Oaacut
Omyrsi, Sal15
Sal14, Elappo
Sborea, Rbrach
Gornat, Bracsp
Opolar, Snigri
Ctenoc, Efront
Oobscu, Egemmf
Bpicti, Tspfiv
Oglabr, Sal27
Sal36, Csalic
Tspone, Lalpio
Sal5, Ohasta
Etorym, Svesic
Omacul, Sal8
Psauli, Tspfou
Oadaph, Sal6
Tspsix, Amorri
Efront, Sborea
Obrevi, Sal22
Onival, Lflexi
Sal47, Omyrti
Sal45, Ospset
Ppecti, Tspone
Hleuca, Sal9
Sal41, Cdorsa
Omyrti, Lalpiu
Hleuca, Hpruss
Acubic, Elappo
Lalpic, Eappen
Sal30, Omyrti
Psoemi, Salcal
Tspfou, Psauli
Sal28, Oherba
Efront, Snigri
Amorri, Pclavi
Obridg, Sal2
Sal52, Opprox
Obrevi, Bobscu
Sal46, Sal47
Pclavi, Amorri
Aprost, Torymu
Salcal, Ohelve
Eboreo, Sal17
Eacicu, Etorym
Dwestw, Cnrsub
Pterom, Psoemi
Egemmf, Oobscu
Eacicu, Svesic
Oobscu, Sal4
Bimmut, Opprox
Ialter, Csalic
Lalpiu, Hscapr
Tspfiv, Sal36
Sal13, Ocolla
Olappl, Osamol
Sal10, Hpolit
Themip, Mspone
Osamol, Elappc
Sal44, Cdorsa
Sal14, Sal17
Sal14, Sal16
Ofoeti, Oobscu
Salpin, Ppecti
Sal27, Oglabr
Okriec, Sal1
Bobscu, Obrevi
Ialter, Tspfiv
Tspfiv, Tspsix
Osamol, Onival
Psoemi, Pterom
Onorve, Sal29
Opprox, Bimmut
Olappl, Sal27
Tetras, Torymu
Hspira, Sal2
Mspone, Themip
Tspfiv, Pclavi
Olappl, Sal14
Olappl, Acubic
Osamol, Olappo
Salpin, Tspone
Srenov, Sal46
Elanat, Osamol
Lflexi, Elanat
Odolic, Oarcti
Ohasta, Sal5
Pterom, Ohelve
Axanth, Tspone
Aalvea, Tspfiv
Sal42, Llappo
Ofoeti, Egemmf
Hnudip, Sal16
Rbrach, Ctenoc
Cnrsub, Sal19
Ephyli, Esmyrs
Snigri, Sborea
Mymari, Themip
Svesic, Etorym
Chalci, Pdolic
Lalpio, Salpin
Sal42, Hslana
Sal39, Ppumil
Sal17, Hplicg
Amorri, Aalvea
Olappo, Olappl
Cnrsub, Dwestw
Esubge, Egemmc
Sal44, Sal41
Bracsp, Gornat
Eweiff, Sal35
Eboreo, Onival
Acubic, Osamol
Efront, Rbrach
Csalic, Sal36
Sal52, Ecalca
Broman, Pponta
Hscapr, Srenov
Sal7, Egemmh
Sal2, Hspira
Sal22, Mymari
Torymu, Gornat
Sal46, Srenov
Pponta, Broman
Eciner, Egemmc
Sal15, Omyrsi
Sal14, Olappo
Srenov, Sal45
Elappc, Olappo
Tspfou, Mspone
Omyrti, Hscapr
Elappc, Osamol
Cdorsa, Sal41
Srenov, Sal47
Ohelve, Salcal
Onival, Osamol
Ospset, Sal46
Sal19, Cnrsub
Osamol, Sal27
Sal36, Ialter
Sal14, Olappl
Egemmc, Esubge
Atymbe, Oelaea
Hscapr, Emyrti
Pclavi, Tspsix
Chalci, Eacicu
Lflexi, Sal27
Ichnsp, Latole
Sal20, Omonti
Apante, Eangus
Sal22, Bobscu
Pclavi, Aalvea
Sal50, Opolar
Emyrti, Esmyrt
Aprost, Oelaea
Hplicl, Hsglau
Sal4, Oobscu
Sborea, Snigri
Snigri, Sal50
Omonti, Sal20
Sal4, Ofoeti
Ocolla, Sal13
Chalci, Svesic
Elanat, Lflexi
Eappen, Lalpic
Llappo, Sal42
Ospset, Sal45
Olappo, Acubic
Aalvea, Amorri
Ohelve, Pterom
Tspsix, Aalvea
