Cincer, Site101
Sal14, Site090
Ohelve, Site005
Heryth, Site303
Bkopel, Site055
Svesic, Site004
Ovesic, Site296
Hischn, Site055
Ogalla, Site019
Hleuca, Site367
Sal25, Site182
Ogalla, Site098
Ccruxx, Site070
Sal18, Site328
Adelog, Site126
Pponta, Site076
Hplicl, Site370
Tspsix, Site060
Elappc, Site352
Hpolit, Site301
Hruber, Site137
Sal6, Site004
Omyrsi, Site285
Sal16, Site049
Emyrsi, Site350
Ovimin, Site185
Sal18, Site361
Sal16, Site072
Broman, Site151
Pdolic, Site067
Sal5, Site020
Eacicu, Site094
Eacicu, Site078
Hanoma, Site359
Hplicd, Site093
Onorve, Site207
Cvitta, Site143
Pdolic, Site153
Broman, Site080
Acubic, Site015
Pdolic, Site107
Epygma, Site050
Eaurit, Site142
Sal15, Site285
Sal18, Site353
Obella, Site141
Ofoeti, Site035
Obridg, Site153
Ibrevi, Site115
Ovimin, Site157
Esalic, Site233
Eacicu, Site347
Hruber, Site195
Emucro, Site154
Pcynip, Site002
Hpolit, Site134
Svesic, Site190
Peuura, Site194
Bepitr, Site002
Chalci, Site089
Hoblit, Site117
Pdolic, Site147
Sal31, Site313
Chalci, Site290
Emyrsi, Site071
Celong, Site018
Ovaria, Site024
Broman, Site229
Sal10, Site034
Pcynip, Site008
Halien, Site139
Pnemat, Site222
Sal14, Site078
Hspirh, Site028
Pponta, Site075
Hspira, Site219
Obridg, Site001
Chalci, Site079
Ccruxx, Site111
Peuura, Site005
Ichnin, Site191
Sal11, Site342
Sal9, Site365
Bimmut, Site294
Etesta, Site175
Celong, Site074
Hpscho, Site343
Broman, Site068
Chalci, Site146
Eaurit, Site167
Svesic, Site013
Sal14, Site207
Celong, Site323
Ccruxx, Site036
Olesic, Site086
Sal11, Site249
Chalci, Site293
Sal10, Site288
Eacicu, Site144
Svesic, Site001
Heryth, Site308
Apusil, Site334
Sal6, Site106
Pdolic, Site044
Sal18, Site151
Sal31, Site186
Eacicu, Site296
Egemmh, Site081
Ccruxx, Site053
Ohasta, Site005
Obridg, Site226
Apusil, Site340
Hleuco, Site359
Sal31, Site136
Adelog, Site349
Ovaria, Site081
Oretic, Site055
Emucro, Site164
Eacicu, Site025
Apusil, Site260
Chalci, Site048
Pdolic, Site111
Olappl, Site052
Bbrevi, Site249
Etorym, Site055
Sal18, Site259
Sal18, Site323
Sal14, Site274
Bracin, Site007
Chalci, Site034
Chalci, Site137
Eacicu, Site042
Onival, Site238
Sal3, Site088
Chalci, Site191
Sal10, Site289
Pnemat, Site065
Celong, Site262
Hnudip, Site372
Chalci, Site280
Chalci, Site242
Ichnin, Site317
Osamol, Site046
Hanoma, Site360
Sal7, Site081
Hruber, Site228
Hruber, Site020
Hleuco, Site294
Sal4, Site110
Hleuca, Site130
Sal17, Site210
Celong, Site188
Sal11, Site190
Elappc, Site085
Sal5, Site151
Ccruxx, Site294
Sal9, Site334
Ccruxx, Site031
Omacul, Site027
Pnemat, Site241
Cvitta, Site246
Pcynip, Site102
Htuber, Site213
Sal3, Site275
Hruber, Site035
Bdisco, Site186
Epygma, Site235
Celong, Site311
Celong, Site092
Hleuca, Site233
Ealbit, Site190
Ealbit, Site097
Svesic, Site319
Ehasta, Site151
Sal1, Site255
Etorym, Site036
Sal7, Site027
Hoblit, Site191
Obridg, Site173
Pdolic, Site004
Hleuca, Site295
Pponta, Site002
Ichnin, Site193
Hplicg, Site216
Pcynip, Site095
Ccruxx, Site289
Llugen, Site041
Chalci, Site149
Smorle, Site283
Hanoma, Site269
Ichnin, Site301
Ccruxx, Site222
Hischn, Site284
Chalci, Site005
Mvesic, Site008
Pcynip, Site131
Esalic, Site082
Sal9, Site333
Obella, Site282
Oadaph, Site245
Sal34, Site186
Sal18, Site148
Sal18, Site334
Pponta, Site028
Sal3, Site035
Odolic, Site086
Oviril, Site358
Enobbe, Site104
Chalci, Site249
Sal30, Site159
Peuura, Site287
Svesic, Site110
Hleuco, Site092
Smorle, Site143
Aminim, Site060
Chalci, Site072
Svesic, Site120
Broman, Site042
Sal31, Site300
Pdolic, Site098
Apusil, Site116
Aacumi, Site108
Slappo, Site107
Chalci, Site036
Ccruxx, Site105
Ccruxx, Site117
Elappo, Site042
Elanat, Site082
Ofoeti, Site027
Ovimin, Site125
Sal5, Site027
Svesic, Site289
Bepitr, Site059
Emyrsi, Site020
Apusil, Site213
Eweiff, Site233
Etorym, Site170
Sal5, Site110
Celong, Site207
Mymari, Site027
Pdolic, Site332
Slappo, Site005
Hleuco, Site215
Hleuca, Site318
Ichnin, Site107
Oglabr, Site055
Sal25, Site167
Ehasta, Site027
Oobscu, Site171
Sal11, Site301
Llugen, Site062
Sal23, Site075
Apusil, Site119
Bpulch, Site112
Ealbit, Site062
Sal21, Site295
Hleuca, Site307
Bracin, Site362
Sal25, Site174
Etoxon, Site062
Otrian, Site187
Sal3, Site067
Chalci, Site055
Epurpu, Site111
Sal10, Site319
Apusil, Site295
Sal4, Site194
Celong, Site356
Pdolic, Site037
Sal10, Site039
Binter, Site002
Lpunct, Site091
Celong, Site080
Esmyrt, Site202
Hpurpu, Site254
Anigro, Site050
Pdolic, Site094
Hischn, Site144
Elappo, Site048
Ccruxx, Site045
Halien, Site303
Ccruxx, Site171
Sal17, Site355
Hleuco, Site149
Chalci, Site255
Hnudip, Site353
Hplicg, Site353
Apusil, Site026
Broman, Site195
Celong, Site170
Anigro, Site004
Sal18, Site294
Celong, Site213
Sal10, Site137
Elanat, Site077
Ichnin, Site278
Svesic, Site088
Sal9, Site306
Spygid, Site192
Sal25, Site181
Sal18, Site243
Chalci, Site192
Bbrevi, Site029
Sal3, Site255
Elanat, Site084
Bracin, Site004
Broman, Site020
Adelog, Site271
Chalci, Site296
Celong, Site103
Ccruxx, Site095
Hspira, Site080
Chalci, Site002
Aminim, Site233
Onigri, Site017
Bracin, Site140
Hpurpu, Site221
Ccruxx, Site249
Hacuti, Site091
Obridg, Site225
Sgranu, Site078
Eacicu, Site024
Sal5, Site051
Bracin, Site131
Halien, Site281
Oherba, Site085
Sal17, Site071
Adelog, Site274
Omyrsi, Site016
Llugen, Site007
Aacumi, Site022
Sal17, Site090
Hleuco, Site334
Sal16, Site212
Emyrsi, Site137
Torymu, Site233
Sal1, Site100
Sal9, Site206
Ogalla, Site243
Hacuti, Site286
Amorri, Site060
Acubic, Site043
Claevi, Site020
Sal42, Site090
Eelaea, Site093
Onigri, Site071
Ovimin, Site039
Hpurpu, Site290
Eacicu, Site097
Sal23, Site046
Chalci, Site006
Sal23, Site028
Ovimin, Site189
Slappo, Site071
Sal10, Site158
Hplicg, Site210
Sal18, Site293
Sal16, Site052
Lforti, Site019
Oadaph, Site106
Sal9, Site007
Hruber, Site171
Chalci, Site052
Oelaea, Site021
Cvarie, Site293
Aacumi, Site175
Latole, Site347
Hpruss, Site006
Sal15, Site146
Hleuca, Site098
Sal31, Site130
Obridg, Site002
Bpicti, Site188
Broman, Site024
Ovesic, Site103
Enobbe, Site019
Olappo, Site351
Sal3, Site284
Chalci, Site286
Hpolit, Site260
Themip, Site027
Sal18, Site341
Chalci, Site174
Celong, Site053
Pdolic, Site168
Sal12, Site200
Sal14, Site071
Sal9, Site263
Chalci, Site363
Etoxon, Site006
Hpruss, Site331
Ovaria, Site078
Hpolit, Site221
Enobbe, Site130
Hnudip, Site354
Bpulch, Site185
Bdisco, Site125
Hspira, Site127
Pcynip, Site245
Obella, Site060
Eacicu, Site073
Pdolic, Site080
Ogalla, Site173
Etorym, Site093
Sal18, Site262
Bracin, Site188
Oproxi, Site062
Celong, Site145
Pdolic, Site151
Peuura, Site019
Halien, Site259
Svesic, Site021
Ilappo, Site077
Ogalla, Site144
Sgranu, Site046
Hpruss, Site364
Emucro, Site182
Ccruxx, Site108
Sal10, Site300
Sal21, Site005
Halien, Site262
Dstram, Site061
Sal6, Site094
Ccruxx, Site039
Hacuti, Site285
Chalci, Site095
Anigro, Site035
Eacicu, Site045
Celong, Site254
Oadaph, Site012
Ephyli, Site055
Elappc, Site047
Egemmf, Site027
Etorym, Site022
Ovimin, Site244
Eboreo, Site005
Oobscu, Site002
Sal18, Site336
Oobscu, Site193
Emyrti, Site144
Pdolic, Site140
Sal10, Site188
Etoxon, Site064
Anigro, Site228
Sal3, Site280
Chalci, Site291
Onival, Site026
Olappl, Site077
Sal16, Site274
Sal1, Site188
Sal9, Site307
Eacicu, Site123
Hruber, Site143
Celong, Site255
Mesole, Site143
Pdolic, Site018
Slappo, Site226
Obridg, Site154
Etorym, Site121
Smorle, Site026
Sal30, Site143
Omacul, Site035
Sal27, Site077
Ccruxx, Site038
Ospeit, Site239
Blivid, Site103
Ehasta, Site071
Pdolic, Site077
Chalci, Site231
Hpolit, Site116
Ovaria, Site077
Bkopel, Site198
Sal17, Site161
Sal9, Site303
Okriec, Site066
Olappo, Site085
Egemmh, Site005
Epurpu, Site299
Slappo, Site145
Eacicu, Site096
Ichnin, Site020
Sal5, Site036
Sal2, Site034
Svesic, Site103
Etorym, Site051
Osamol, Site052
Hoblit, Site291
Hleuca, Site119
Eelaea, Site179
Celong, Site358
Sal17, Site286
Olappo, Site053
Eacicu, Site019
Sal27, Site053
Bracin, Site187
Ovimin, Site027
Pcynip, Site137
Slappo, Site080
Ovaria, Site140
Sal49, Site256
Etorym, Site015
Pponta, Site052
Evenus, Site144
Hpruss, Site325
Otrian, Site222
Ovesic, Site106
Pnemat, Site125
Broman, Site016
Hleuco, Site353
Oproxi, Site189
Bracin, Site145
Aacumi, Site176
Sal5, Site005
Hpruss, Site308
Hplicl, Site371
Elappo, Site047
Chalci, Site074
Celong, Site263
Pdolic, Site061
Dwestw, Site020
Hspirh, Site107
Sal14, Site053
Hoblit, Site342
Sal9, Site041
Sal25, Site366
Sal3, Site004
Sal5, Site144
Eweiff, Site150
Sal18, Site337
Heryth, Site366
Sal5, Site034
Eweiff, Site287
Chalci, Site162
Broman, Site075
Tspthr, Site243
Sal9, Site260
Pdolic, Site188
Hleuco, Site088
Sal11, Site270
Osamol, Site155
Ovimin, Site034
Ehasta, Site020
Etorym, Site090
Hleuca, Site125
Hischn, Site283
Oglabr, Site016
Esalic, Site083
Sal24, Site028
Sal12, Site265
Sal3, Site231
Chalci, Site347
Elappc, Site143
Sal10, Site115
Bracin, Site185
Eboreo, Site203
Svesic, Site244
Svesic, Site078
Chalci, Site297
Enobbe, Site137
Svesic, Site046
Evenus, Site149
Claevi, Site071
Sal17, Site078
Sal9, Site308
Chalci, Site119
Obridg, Site006
Pdolic, Site028
Celong, Site191
Sal10, Site157
Slappo, Site085
Sal2, Site005
Chalci, Site276
Celong, Site009
Sal17, Site353
Ovimin, Site137
Ccruxx, Site060
Oaacut, Site319
Eacicu, Site060
Broman, Site015
Pponta, Site047
Svesic, Site160
Sal17, Site347
Hspira, Site253
Olappl, Site071
Opolar, Site047
Evenus, Site088
Sgranu, Site017
Sal25, Site311
Etorym, Site243
Oviril, Site292
Chalci, Site024
Lflexi, Site082
Sal22, Site027
Claevi, Site088
Sal31, Site009
Svesic, Site009
Sal25, Site259
Hspira, Site363
Strico, Site144
Strico, Site294
Hplicp, Site207
Ccruxx, Site062
Hleuca, Site312
Aacumi, Site183
Ephyli, Site285
Ogalla, Site257
Sal4, Site005
Oarcti, Site053
Hplicg, Site370
Peuura, Site026
Chalci, Site237
Adelog, Site117
Otrian, Site258
Ohelve, Site025
Eaurit, Site183
Sal6, Site188
Pcynip, Site052
Svesic, Site035
Sal18, Site057
Sal3, Site283
Pdolic, Site187
Sal9, Site116
Ovaria, Site153
Sal4, Site002
Esalic, Site130
Svesic, Site077
Sal7, Site025
Bracin, Site263
Hpolit, Site126
Sal12, Site178
Apusil, Site130
Anigro, Site028
Olappl, Site085
Svesic, Site255
Chalci, Site270
Ohasta, Site110
Llugen, Site191
Sal9, Site368
Ccruxx, Site013
Hanoma, Site306
Pdolic, Site145
Hplicd, Site020
Etorym, Site026
Sal36, Site221
Hangli, Site187
Bkopel, Site229
Bkopel, Site046
Sal10, Site070
Eelaea, Site001
Sal25, Site030
Svesic, Site053
Chalci, Site027
Eacicu, Site243
Chalci, Site020
Mesole, Site134
Sal9, Site092
Ssubar, Site217
Binter, Site244
Sal41, Site169
Celong, Site302
Sal18, Site340
Srenov, Site215
Celong, Site329
Epygma, Site046
Sal34, Site251
Onival, Site090
Ovaria, Site045
Ccruxx, Site119
Ovimin, Site006
Celong, Site006
Halien, Site333
Pdolic, Site036
Eboreo, Site077
Egemmh, Site026
Pdolic, Site014
Onival, Site071
Okriec, Site188
Chalci, Site213
Elappc, Site090
Sal16, Site047
Chalci, Site250
Obridg, Site201
Pdolic, Site106
Sal4, Site066
Esalic, Site060
Svesic, Site033
Sal29, Site160
Ccruxx, Site131
Apusil, Site312
Omyrsi, Site046
Slappo, Site046
Chalci, Site196
Oproxi, Site130
Enobbe, Site150
Chalci, Site198
Sal9, Site247
Sal18, Site329
Esalic, Site112
Peuura, Site109
Chalci, Site282
Mesole, Site024
Osamol, Site143
Sal3, Site353
Sal16, Site045
Svesic, Site038
Etorym, Site107
Llugen, Site187
Eboreo, Site147
Pdolic, Site042
Hnudip, Site212
Sal25, Site059
Sal14, Site015
Sal1, Site133
Pdolic, Site005
Oproxi, Site242
Ovesic, Site111
Ichnin, Site075
Sal10, Site041
Eboreo, Site085
Chalci, Site244
Eacicu, Site066
Hplicg, Site371
Eacicu, Site102
Atroch, Site212
Hleuca, Site268
Pponta, Site194
Eacicu, Site074
Sal17, Site279
Bracin, Site134
Onigri, Site236
Hoblit, Site327
Bracin, Site190
Sal9, Site304
Sal9, Site115
Hleuco, Site332
Sal10, Site255
Sal3, Site143
Smorle, Site255
Elanat, Site046
Apusil, Site005
Slappo, Site091
Pponta, Site195
Sal12, Site061
Sal2, Site261
Hslana, Site090
Odolic, Site015
Pdolic, Site069
Elappo, Site015
Ephyli, Site074
Chalci, Site173
Ireuni, Site300
Olappo, Site050
Opustu, Site274
Hacuti, Site043
Ilappo, Site052
Tspone, Site185
Celong, Site319
Okriec, Site001
Oglauc, Site047
Sal25, Site180
Ovesic, Site124
Sal2, Site363
Svesic, Site047
Eelaea, Site099
Oproxi, Site060
Eanali, Site006
Llugen, Site034
Oviril, Site291
Broman, Site090
Sal18, Site141
Chalci, Site233
Chalci, Site171
Enobbe, Site140
Esalic, Site098
Hleuca, Site308
Hleuca, Site313
Sal6, Site012
Egemmf, Site081
Bracin, Site001
Sal2, Site253
Hplicd, Site252
Pponta, Site025
Apusil, Site294
Ccruxx, Site021
Pnemat, Site186
Ichnin, Site085
Chalci, Site190
Ohasta, Site107
Mesole, Site020
Sal9, Site301
Ccruxx, Site069
Sal10, Site063
Ogalla, Site041
Svesic, Site237
Etoxon, Site119
Hscapr, Site144
Ocolla, Site142
Pdolic, Site144
Sal11, Site013
Sal9, Site273
Hleuca, Site368
Ichnin, Site053
Smorle, Site313
Oproxi, Site241
Celong, Site005
Sal6, Site108
Pdolic, Site073
Sal27, Site052
Hpruss, Site368
Hacuti, Site369
Sal4, Site120
Ohasta, Site042
Edaphn, Site102
Hruber, Site015
Sborea, Site353
Peuura, Site181
Opedun, Site196
Chalci, Site156
Pcynip, Site192
Oglabr, Site084
Chalci, Site148
Oarcti, Site143
Halien, Site325
Onigri, Site020
Hleuca, Site118
Sal17, Site091
Svesic, Site245
Sal5, Site042
Celong, Site285
Hplicp, Site285
Sal3, Site140
Pdolic, Site236
Svesic, Site185
Chalci, Site106
Pdolic, Site347
Bdisco, Site185
Pcynip, Site021
Sal1, Site032
Snigri, Site047
Olappo, Site091
Pdolic, Site093
Chalci, Site183
Pdolic, Site180
Broman, Site025
Oobscu, Site120
Apusil, Site276
Egemmf, Site100
Hleuca, Site009
Chalci, Site059
Eacicu, Site151
Svesic, Site002
Bracin, Site020
Eacicu, Site008
Broman, Site192
Eacicu, Site071
Aminim, Site116
Sal4, Site035
Ohasta, Site143
Pponta, Site078
Sal3, Site172
Egemmf, Site028
Hplicg, Site077
Hanoma, Site259
Sal17, Site046
Chalci, Site350
Okriec, Site112
Hischn, Site082
Bdisco, Site002
Ocolla, Site097
Hpolit, Site189
Sal1, Site023
Olappl, Site207
Ospset, Site143
Svesic, Site063
Eacicu, Site130
Ilappo, Site034
Aacumi, Site098
Sal17, Site043
Enobbe, Site142
Slappo, Site020
Pponta, Site152
Ichnin, Site213
Ichnin, Site145
Peuura, Site091
Sal3, Site191
Sal3, Site024
Oadaph, Site318
Ecalca, Site294
Ssubar, Site208
Aminim, Site067
Evenus, Site151
Sal17, Site238
Sal13, Site095
Bracin, Site237
Aminim, Site041
Sal4, Site133
Oviril, Site027
Sal3, Site021
Ssubar, Site053
Ospset, Site144
Olappo, Site043
Pdolic, Site001
Hpscho, Site261
Chalci, Site078
Adelog, Site330
Sal28, Site085
Hischn, Site353
Sal18, Site324
Hspira, Site262
Sal5, Site107
Svesic, Site258
Oarcti, Site074
Dlongi, Site126
Celong, Site303
Etoxon, Site061
Sal25, Site262
Hpolit, Site170
Peuura, Site028
Chalci, Site096
Pcynip, Site020
Strico, Site005
Etorym, Site021
Etoxon, Site060
Sal1, Site093
Celong, Site098
Bdisco, Site191
Etorym, Site024
Pdolic, Site141
Eacicu, Site125
Bconju, Site189
Etorym, Site143
Olappl, Site047
Svesic, Site142
Sal40, Site199
Celong, Site268
Epygma, Site022
Sal17, Site077
Adelog, Site318
Hplicg, Site355
Svesic, Site057
Ovesic, Site123
Esalic, Site009
Svesic, Site241
Llugen, Site190
Ilappo, Site016
Apusil, Site371
Ichnin, Site296
Lalpiu, Site144
Hruber, Site022
Hangli, Site135
Sal2, Site127
Chalci, Site169
Llugen, Site153
Epurpu, Site028
Sal3, Site033
Sal27, Site055
Eacicu, Site117
Sal17, Site016
Olappl, Site090
Sal27, Site074
Mvesic, Site019
Broman, Site085
Ccruxx, Site258
Pponta, Site048
Omyrsi, Site075
Eacicu, Site047
Hischn, Site208
Ichnin, Site159
Celong, Site299
Sal16, Site372
Eelaea, Site021
Sal18, Site274
Celong, Site093
Bkopel, Site194
Eaurit, Site298
Etorym, Site108
Ilappo, Site094
Ovaria, Site064
Pdolic, Site020
Chalci, Site157
Lforti, Site088
Pdolic, Site045
Svesic, Site042
Lflexi, Site078
Olesic, Site016
Etorym, Site140
Bdisco, Site061
Llugen, Site249
Sal6, Site022
Celong, Site190
Hpruss, Site365
Chalci, Site145
Hpruss, Site312
Chalci, Site081
Pdolic, Site050
Sal9, Site191
Sal10, Site322
Omyrsi, Site146
Eurozo, Site025
Hplicl, Site091
Oobscu, Site081
Chalci, Site045
Sal14, Site352
Acubic, Site047
Esalic, Site178
Hpruss, Site293
Egemmh, Site025
Svesic, Site106
Sal28, Site058
Tsptwo, Site243
Cflavi, Site035
Ilappo, Site015
Sal31, Site062
Chalci, Site054
Chalci, Site182
Hacuti, Site090
Etorym, Site056
Sal14, Site043
Etorym, Site034
Sal10, Site252
Eacicu, Site286
Oelaea, Site022
Apusil, Site313
Halien, Site366
Hleuca, Site309
Sal24, Site195
Hpruss, Site273
Etorym, Site035
Ichnin, Site052
Esalic, Site106
Ccruxx, Site332
Ichnin, Site192
Hleuca, Site324
Sal10, Site108
Acubic, Site058
Hplicg, Site145
Mvesic, Site060
Sal2, Site020
Elappo, Site152
Ohelve, Site034
Sal3, Site137
Sal14, Site356
Sal5, Site080
Rbrach, Site353
Hpscho, Site193
Ichnin, Site356
Ovimin, Site103
Sal29, Site207
Ilappo, Site067
Hleuco, Site333
Sal9, Site130
Enigri, Site188
Eweiff, Site142
Hruber, Site225
Enobbe, Site184
Ehasta, Site053
Etorym, Site060
Svesic, Site243
Oretic, Site002
Hplicl, Site043
Ogalla, Site057
Sal12, Site007
Ovaria, Site255
Hplicg, Site354
Oaacut, Site250
Esalic, Site179
Hruber, Site188
Hleuco, Site341
Apusil, Site333
Eurozo, Site142
Chalci, Site010
Chalci, Site175
Eboreo, Site091
Chalci, Site258
Etorym, Site070
Bracin, Site260
Pdolic, Site192
Pdolic, Site023
Hpruss, Site007
Ovaria, Site192
Svesic, Site025
Hleuco, Site362
Peuura, Site138
Eboreo, Site052
Hcarin, Site081
Sal12, Site330
Llugen, Site120
Eacicu, Site106
Broman, Site027
Oproxi, Site249
Sal5, Site024
Hplicd, Site102
Etorym, Site062
Celong, Site349
Sal24, Site002
Claevi, Site085
Sal10, Site170
Ichnin, Site221
Elanat, Site286
Sal18, Site019
Hanoma, Site325
Sal2, Site173
Eacicu, Site231
Chalci, Site057
Enobbe, Site180
Pdolic, Site348
Chalci, Site201
Sal14, Site042
Hpruss, Site295
Peuura, Site027
Sal46, Site143
Eatraa, Site177
Pponta, Site017
Epygma, Site077
Hleuco, Site270
Apusil, Site247
Sal9, Site026
Ilappo, Site053
Hpolit, Site060
Agalli, Site024
Aacumi, Site019
Svesic, Site349
Llugen, Site242
Sal16, Site210
Hruber, Site021
Hpruss, Site130
Oproxi, Site187
Sal5, Site246
Bracin, Site170
Ovesic, Site036
Adelog, Site329
Chalci, Site161
Hischn, Site280
Ichnin, Site091
Sal24, Site110
Enobbe, Site181
Hischn, Site020
Ichnin, Site260
Hruber, Site236
Bracin, Site052
Sal7, Site033
Sal9, Site009
Sal3, Site348
Sal31, Site187
Sal14, Site086
Olappl, Site015
Sal9, Site289
Chalci, Site271
Onival, Site052
Peuura, Site081
Apusil, Site345
Esalic, Site108
Hleuca, Site301
Hoblit, Site301
Ccruxx, Site012
Aacumi, Site105
Hnudip, Site143
Lflexi, Site075
Ccruxx, Site290
Eacicu, Site150
Broman, Site018
Eclytu, Site077
Oherba, Site075
Chalci, Site077
Chalci, Site017
Hplicg, Site215
Csalic, Site224
Sgranu, Site143
Obridg, Site018
Hischn, Site281
Sal12, Site177
Sal10, Site109
Llappo, Site090
Eciner, Site297
Llugen, Site010
Omyrsi, Site147
Sal7, Site138
Chalci, Site131
Sal10, Site221
Sal16, Site074
Etorym, Site007
Sal17, Site369
Sal19, Site133
Peuura, Site071
Sal2, Site343
Chalci, Site298
Chalci, Site122
Chalci, Site053
Pdolic, Site108
Sal14, Site353
Aacumi, Site062
Sal11, Site176
Psauli, Site041
Hleuca, Site304
Etorym, Site002
Ichnin, Site043
Sal4, Site193
Sal20, Site020
Chalci, Site154
Hpolit, Site252
Anigro, Site046
Etorym, Site083
Oadaph, Site094
Croman, Site276
Ichnin, Site048
Olappl, Site016
Hruber, Site057
Bracin, Site192
Etorym, Site094
Ccruxx, Site189
Onival, Site237
Svesic, Site194
Sal9, Site312
Hruber, Site036
Eaurit, Site169
Pnemat, Site098
Eacicu, Site005
Bepitr, Site103
Sal10, Site062
Bracin, Site256
Mvesic, Site142
Pdolic, Site078
Hischn, Site252
Sal19, Site020
Peuura, Site171
Hischn, Site074
Hpruss, Site314
Ilappo, Site006
Aacumi, Site106
Broman, Site050
Sal10, Site134
Emucro, Site165
Sal26, Site153
Oglabr, Site052
Etorym, Site001
Eweiff, Site131
Chalci, Site026
Hacuti, Site053
Pdolic, Site223
Acubic, Site274
Omyrti, Site143
Obridg, Site020
Onorve, Site160
Blivid, Site113
Claevi, Site046
Sal16, Site207
Chalci, Site016
Hnudip, Site074
Ichnin, Site101
Sal10, Site129
Sal9, Site169
Sal5, Site143
Eelaea, Site032
Onigri, Site256
Sal11, Site130
Sal12, Site327
Celong, Site091
Ichnin, Site120
Sal15, Site046
Sal4, Site028
Lalpic, Site108
Hpruss, Site313
Sal10, Site358
Sal35, Site287
Ireuni, Site271
Olappo, Site237
Enobbe, Site106
Sal48, Site250
Sal15, Site083
Ichnin, Site218
Hacuti, Site211
Sal17, Site015
Chalci, Site164
Aacumi, Site041
Sal3, Site071
Oproxi, Site011
Epurpu, Site106
Bkopel, Site295
Srenov, Site143
Aacumi, Site179
Eacicu, Site202
Apusil, Site353
Pdolic, Site052
Sal18, Site267
Claevi, Site091
Sal7, Site068
Oproxi, Site248
Sal10, Site315
Sal17, Site204
Obridg, Site171
Oelaea, Site001
Mvesic, Site009
Pdolic, Site006
Eacicu, Site155
Apusil, Site307
Enobbe, Site143
Hspira, Site252
Aacumi, Site171
Bracin, Site130
Pnemat, Site060
Sal39, Site190
Pponta, Site050
Chalci, Site176
Sal1, Site112
Celong, Site139
Apusil, Site339
Ccruxx, Site009
Ovimin, Site062
Aprost, Site021
Svesic, Site169
Sal10, Site124
Ovimin, Site224
Hleuco, Site325
Bbrevi, Site243
Pponta, Site077
Sal30, Site144
Sal17, Site044
Emucro, Site139
Oarcti, Site049
Sal9, Site367
Onival, Site047
Hpruss, Site270
Eacicu, Site319
Etorym, Site111
Sal16, Site071
Ospeit, Site046
Svesic, Site125
Sal9, Site018
Sal3, Site017
Sal5, Site160
Okriec, Site230
Etorym, Site050
Oglauc, Site237
Hanoma, Site362
Sal10, Site036
Hplicg, Site278
Adelog, Site320
Hplicl, Site353
Chalci, Site144
Sal14, Site285
Oproxi, Site013
Halien, Site164
Celong, Site077
Chalci, Site001
Celong, Site050
Apusil, Site259
Hanoma, Site328
Celong, Site310
Etoxon, Site018
Svesic, Site097
Sal17, Site052
Ocolla, Site095
Aacumi, Site181
Hpolit, Site117
Hplicd, Site104
Pdolic, Site222
Sal3, Site121
Pdolic, Site256
Svesic, Site131
Hoblit, Site134
Ovaria, Site231
Ovaria, Site348
Omyrsi, Site239
Celong, Site271
Eciner, Site205
Chalci, Site094
Hpolit, Site109
Oarcti, Site052
Hleuco, Site349
Etorym, Site112
Ichnin, Site119
Elappc, Site053
Hruber, Site192
Ichnin, Site236
Egemmc, Site006
Emyrti, Site202
Hpolit, Site191
Sal18, Site318
Sal1, Site021
Binter, Site245
Etorym, Site144
Enobbe, Site083
Osamol, Site091
Eacicu, Site006
Psoemi, Site034
Eboreo, Site024
Torymu, Site021
Elappc, Site086
Egemmf, Site005
Pcynip, Site009
Hnudip, Site207
Hruber, Site066
Apusil, Site190
Bracin, Site318
Obridg, Site034
Etorym, Site230
Esmyrs, Site285
Ichnin, Site041
Celong, Site331
Ovimin, Site007
Elanat, Site074
Pnemat, Site223
Mesole, Site195
Broman, Site047
Egemmh, Site028
Svesic, Site026
Sal3, Site355
Chalci, Site093
Oobscu, Site194
Eacicu, Site238
Enobbe, Site188
Hspecc, Site333
Ccruxx, Site176
Sal9, Site134
Ephyli, Site053
Emucro, Site141
Lflexi, Site046
Bepitr, Site189
Ccruxx, Site196
Sal1, Site179
Sal10, Site126
Lpunct, Site208
Pdolic, Site130
Adelog, Site100
Bracin, Site250
Apusil, Site311
Ohasta, Site046
Sal3, Site252
Sal10, Site113
Hoblit, Site294
Lflexi, Site053
Lpunct, Site282
Hanoma, Site324
Pdolic, Site089
Sal2, Site002
Hplicg, Site053
Ovimin, Site036
Hischn, Site286
Sal12, Site248
Etesta, Site176
Ephyli, Site056
Hplicg, Site024
Hruber, Site237
Ccruxx, Site011
Ealbit, Site186
Sal14, Site091
Hruber, Site201
Eatraa, Site251
Hruber, Site002
Chalci, Site100
Eacicu, Site191
Hspecc, Site336
Sal9, Site325
Sal10, Site224
Celong, Site100
Sal9, Site294
Sal9, Site295
Svesic, Site201
Sal25, Site139
Pdolic, Site027
Sal2, Site104
Chalci, Site279
Hcarin, Site151
Hpruss, Site206
Celong, Site028
Hacuti, Site085
Ccruxx, Site023
Ofoeti, Site192
Aacumi, Site182
Sal14, Site152
Onorve, Site143
Ibrevi, Site126
Sal31, Site114
Elappo, Site071
Hleuca, Site317
Elappc, Site016
Sal16, Site286
Sal16, Site159
Chalci, Site184
Adelog, Site253
Sal3, Site163
Oviril, Site290
Oarcti, Site144
Hleuco, Site274
Eacicu, Site140
Esalic, Site111
Chalci, Site203
Sal11, Site007
Onival, Site044
Ohasta, Site028
Ichnin, Site285
Pponta, Site110
Sal2, Site193
Osamol, Site042
Ovaria, Site017
Sal3, Site235
Etesta, Site130
Obella, Site287
Etesta, Site016
Pdolic, Site245
Eboreo, Site046
Ccruxx, Site190
Chalci, Site069
Eelaea, Site112
Apusil, Site118
Eurozo, Site062
Hspira, Site344
Hnudip, Site015
Eboreo, Site043
Hpolit, Site041
Aacumi, Site297
Pdolic, Site038
Eacicu, Site244
Binter, Site243
Svesic, Site067
Celong, Site325
Sal6, Site318
Sal18, Site201
Broman, Site005
Adelog, Site262
Sal3, Site159
Adelog, Site270
Sal14, Site214
Emucro, Site019
Celong, Site017
Ovimin, Site123
Odolic, Site072
Eacicu, Site072
Onival, Site015
Bkopel, Site085
Sal14, Site050
Sal14, Site016
Celong, Site107
Chalci, Site076
Bracin, Site110
Svesic, Site192
Hruber, Site004
Ibrevi, Site189
Esalic, Site022
Okriec, Site022
Broman, Site194
Sal16, Site353
Celong, Site354
Sal25, Site169
Onival, Site077
Sal9, Site364
Sal11, Site060
Eangus, Site062
Celong, Site260
Ichnin, Site046
Celong, Site322
Oglauc, Site046
Chalci, Site204
Chalci, Site194
Elappo, Site016
Saotis, Site019
Slappo, Site110
Oadaph, Site240
Sal31, Site191
Hleuco, Site340
Pdolic, Site097
Hleuco, Site188
Svesic, Site107
Adelog, Site024
Sal3, Site078
Ealbit, Site021
Sal7, Site107
Spygid, Site002
Hpolit, Site300
Broman, Site026
Enobbe, Site017
Pdolic, Site193
Sal25, Site098
Eacicu, Site090
Celong, Site269
Svesic, Site018
Okriec, Site104
Onigri, Site153
Enobbe, Site062
Eacicu, Site255
Mspone, Site041
Hpruss, Site304
Enobbe, Site098
Eacicu, Site111
Hischn, Site355
Etoxon, Site248
Svesic, Site005
Hleuca, Site247
Apante, Site062
Hcarin, Site281
Ohasta, Site036
Eacicu, Site318
Bracin, Site104
Etoxon, Site224
Svesic, Site197
Latole, Site349
Eboreo, Site161
Hnudip, Site286
Svesic, Site249
Pponta, Site155
Svesic, Site117
Sal17, Site085
Apusil, Site317
Sal10, Site338
Chalci, Site110
Esalic, Site205
Apusil, Site018
Oobscu, Site020
Lforti, Site053
Bbrevi, Site011
Sal2, Site080
Hleuca, Site115
Sal12, Site184
Hplicl, Site356
Sal9, Site297
Sal9, Site224
Ppumil, Site274
Spygid, Site027
Sal3, Site236
Sal25, Site166
Sal10, Site116
Sal18, Site202
Sal16, Site053
Efront, Site353
Sal3, Site357
Hleuca, Site338
Hoblit, Site186
Sal35, Site142
Oadaph, Site096
Sal3, Site208
Pdolic, Site228
Obridg, Site098
Chalci, Site060
Bepitr, Site093
Etorym, Site096
Hpruss, Site041
Saotis, Site061
Enobbe, Site026
Etoxon, Site247
Adelog, Site020
Llugen, Site125
Hleuco, Site337
Ichnin, Site273
Sal11, Site011
Enobbe, Site167
Peuura, Site139
Eacicu, Site055
Svesic, Site050
Ichnin, Site036
Chalci, Site138
Emucro, Site140
Epurpu, Site173
Oproxi, Site190
Apusil, Site139
Ospset, Site202
Hnudip, Site349
Sal12, Site102
Enigri, Site088
Hangli, Site136
Sal3, Site064
Edaphn, Site093
Hplicl, Site349
Etorym, Site027
Opustu, Site349
Chalci, Site087
Edaphn, Site106
Ichnin, Site151
Hpruss, Site134
Peuura, Site106
Celong, Site317
Oarcti, Site238
Slappo, Site286
Ichnin, Site252
Sal5, Site120
Snigri, Site353
Ccruxx, Site029
Oviril, Site062
Etorym, Site005
Sal6, Site255
Hanoma, Site308
Apusil, Site356
Ovaria, Site191
Opedun, Site041
Evenus, Site048
Pcynip, Site023
Lpunct, Site169
Pcynip, Site144
Bepitr, Site005
Hpruss, Site191
Smorle, Site349
Elappo, Site159
Sal32, Site122
Sal1, Site243
Ehasta, Site160
Sal13, Site097
Ocolla, Site008
Svesic, Site015
Esmyrs, Site083
Chalci, Site151
Eridol, Site142
Hplicl, Site047
Sal10, Site185
Peuura, Site143
Pcynip, Site142
Chalci, Site214
Pdolic, Site015
Broman, Site060
Bracin, Site100
Hleuca, Site314
Apusil, Site170
Esalic, Site021
Ichnin, Site333
Epygma, Site049
Lflexi, Site042
Bracin, Site286
Sal7, Site005
Adelog, Site128
Eboreo, Site279
Chalci, Site019
Aminim, Site191
Etorym, Site157
Tspfiv, Site060
Olappl, Site043
Eacicu, Site017
Celong, Site024
Sal17, Site356
Ohasta, Site024
Pdolic, Site011
Hanoma, Site267
Opprox, Site295
Adelog, Site005
Heryth, Site311
Oadaph, Site130
Omyrti, Site083
Ichnin, Site009
Sal28, Site075
Eacicu, Site103
Ovaria, Site005
Emyrsi, Site017
Sal32, Site128
Etorym, Site137
Hspecc, Site291
Bkopel, Site190
Chalci, Site084
Enobbe, Site144
Eacicu, Site100
Svesic, Site189
Eboreo, Site216
Broman, Site077
Lflexi, Site055
Oglabr, Site046
Ccruxx, Site130
Sal18, Site295
Enigri, Site162
Chalci, Site155
Sal27, Site071
Ccruxx, Site247
Oproxi, Site038
Eboreo, Site090
Pdolic, Site007
Oproxi, Site014
Svesic, Site235
Olappl, Site078
Chalci, Site318
Sal3, Site077
Enobbe, Site022
Broman, Site198
Sal6, Site252
Sal17, Site278
Halien, Site349
Egemmf, Site194
Eaurit, Site164
Obridg, Site224
Onival, Site005
Bimmut, Site192
Sal8, Site346
Sal25, Site298
Etorym, Site238
Ccruxx, Site010
Etorym, Site174
Ovimin, Site066
Hpruss, Site301
Sal10, Site301
Sal11, Site189
Sal26, Site222
Mlongi, Site112
Sal10, Site321
Oglabr, Site078
Sal9, Site098
Opedun, Site018
Chalci, Site025
Pponta, Site227
Sal25, Site154
Pdolic, Site103
Chalci, Site083
Obridg, Site041
Pdolic, Site229
Celong, Site308
Pdolic, Site046
Chalci, Site004
Hanoma, Site169
Mesole, Site188
Ovaria, Site020
Ichnin, Site076
Sal2, Site100
Ovimin, Site038
Sal18, Site335
Broman, Site125
Sal31, Site041
Ichnin, Site188
Ichnin, Site062
Obridg, Site148
Odolic, Site145
Ccruxx, Site333
Hruber, Site170
Sal51, Site272
Pdolic, Site008
Egemmc, Site169
Hruber, Site104
Enobbe, Site139
Etorym, Site071
Etoxon, Site098
Sal9, Site205
Hplicg, Site090
Aacumi, Site020
Ccruxx, Site001
Apusil, Site060
Acubic, Site042
Sal25, Site293
Obridg, Site247
Hpscho, Site221
Oretus, Site110
Bpulch, Site103
Hleuca, Site303
Ichnin, Site090
Svesic, Site039
Onival, Site016
Sal12, Site040
Peuura, Site180
Sal9, Site006
Edaphn, Site188
Elappc, Site048
Oglabr, Site143
Ccruxx, Site041
Epygma, Site042
Sal25, Site018
Sborea, Site208
Ssubar, Site077
Hischn, Site357
Chalci, Site136
Celong, Site320
Svesic, Site075
Lalpio, Site002
Obella, Site059
Acubic, Site090
Olappo, Site046
Pponta, Site051
Eacicu, Site052
Hpurpu, Site322
Sal16, Site043
Sal25, Site164
Pdolic, Site062
Sal2, Site219
Sal14, Site149
Sal16, Site238
Htuber, Site053
Pdolic, Site277
Sal9, Site314
Hsglau, Site090
Sal9, Site060
Hoblit, Site320
Sal3, Site069
Sal10, Site123
Etorym, Site192
Sal31, Site319
Etoxon, Site259
Elappo, Site091
Hpolit, Site121
Peuura, Site111
Ovesic, Site021
Pnemat, Site061
Anigro, Site036
Broman, Site071
Olappl, Site050
Oglabr, Site042
Esalic, Site184
Emyrsi, Site152
Hleuco, Site307
Pdolic, Site125
Etorym, Site255
Halien, Site018
Ccruxx, Site292
Etorym, Site207
Ppumil, Site254
Sal3, Site209
Sal9, Site291
Strico, Site170
Ealbit, Site060
Aminim, Site141
Sal21, Site151
Sal1, Site111
Llugen, Site060
Epygma, Site041
Adelog, Site328
Onival, Site043
Pponta, Site192
Hleuca, Site290
Ilappo, Site247
Svesic, Site202
Lpunct, Site356
Osamol, Site053
Sal14, Site351
Hspira, Site345
Hpurpu, Site260
Peuura, Site021
Svesic, Site085
Pponta, Site232
Sal25, Site333
Svesic, Site155
Chalci, Site107
Odolic, Site016
Sal10, Site292
Aalvea, Site188
Sal16, Site016
Hcarin, Site154
Svesic, Site186
Evenus, Site188
Svesic, Site198
Smorle, Site107
Coreop, Site043
Ilappo, Site045
Pponta, Site074
Celong, Site270
Onigri, Site280
Tspfou, Site041
Sal31, Site260
Lforti, Site016
Pdolic, Site021
Bconju, Site117
Hplicp, Site208
Latole, Site055
Emucro, Site169
Celong, Site324
Onival, Site024
Oproxi, Site254
Evenus, Site148
Etorym, Site285
Chalci, Site041
Hpruss, Site060
Eboreo, Site016
Celong, Site347
Etorym, Site004
Sal1, Site230
Pdolic, Site013
Oproxi, Site010
Hpurpu, Site255
Ovaria, Site071
Pdolic, Site071
Celong, Site343
Adelog, Site326
Ilappo, Site073
Chalci, Site167
Hplicl, Site090
Pponta, Site044
Anigro, Site034
Ovimin, Site108
Ichnin, Site204
Etoxon, Site041
Chalci, Site046
Obrevi, Site192
Ovesic, Site034
Eelaea, Site022
Sal11, Site184
Esubge, Site130
Hanoma, Site264
Etorym, Site020
Sal12, Site332
Ccruxx, Site164
Celong, Site174
Ichnin, Site112
Oherba, Site052
Odolic, Site077
Ofoeti, Site171
Onigri, Site004
Sal20, Site220
Eboreo, Site053
Hpruss, Site271
Oobscu, Site035
Sal6, Site102
Bracin, Site062
Osamol, Site074
Sal16, Site086
Sal26, Site116
Pdolic, Site009
Pdolic, Site248
Hleuca, Site294
Enobbe, Site166
Svesic, Site014
Sal4, Site027
Ccruxx, Site096
Bracin, Site017
Sal14, Site046
Eacicu, Site121
Svesic, Site060
Esalic, Site142
Svesic, Site171
Hleuco, Site259
Chalci, Site292
Opustu, Site042
Eacicu, Site224
Sal21, Site081
Celong, Site044
Mesole, Site192
Etorym, Site117
Hleuca, Site332
Pdolic, Site152
Sal11, Site134
Ovesic, Site188
Odolic, Site053
Ctenoc, Site353
Ovimin, Site319
Sal29, Site143
Svesic, Site256
Claevi, Site140
Chalci, Site044
Aacumi, Site115
Hplicg, Site026
Emucro, Site183
Celong, Site136
Pdolic, Site117
Hleuca, Site041
Ofoeti, Site081
Sal15, Site055
Peuura, Site205
Ovimin, Site117
Svesic, Site070
Sal3, Site074
Etorym, Site109
Svesic, Site153
Svesic, Site187
Esalic, Site024
Hpolit, Site129
Chalci, Site099
Hoblit, Site200
Hpurpu, Site301
Ccruxx, Site035
Onigri, Site005
Sal1, Site105
Chalci, Site170
Ovaria, Site021
Sal18, Site261
Lsubco, Site222
Pdolic, Site201
Adelog, Site121
Hangli, Site006
Oglauc, Site145
Hspira, Site255
Oretic, Site229
Dstram, Site224
Hnudip, Site071
Chalci, Site150
Obridg, Site259
Eacicu, Site058
Ichnin, Site173
Hruber, Site044
Hpruss, Site272
Obridg, Site193
Eacicu, Site020
Olesic, Site225
Ilappo, Site071
Pdolic, Site157
Sal10, Site028
Sal23, Site002
Sal18, Site089
Chalci, Site015
Sal10, Site121
Hleuca, Site289
Adelog, Site169
Etesta, Site320
Eacicu, Site004
Sal23, Site192
Chalci, Site065
Sal16, Site217
Adelog, Site331
Celong, Site361
Sal14, Site077
Ehasta, Site051
Svesic, Site098
Sal10, Site038
Sal3, Site188
Bdisco, Site187
Obridg, Site119
Sal10, Site291
Bpicti, Site060
Sal16, Site073
Ccruxx, Site288
Ehasta, Site026
Eatraa, Site178
Chalci, Site358
Ohasta, Site026
Sal27, Site286
Bracin, Site258
Sal18, Site092
Ofoeti, Site066
Chalci, Site229
Broman, Site052
Sal9, Site293
Chalci, Site103
Emyrsi, Site101
Ichnin, Site196
Eaurit, Site166
Pcynip, Site036
Bbrevi, Site241
Ovimin, Site021
Pdolic, Site247
Eacicu, Site141
Sal27, Site082
Hangli, Site247
Celong, Site217
Svesic, Site080
Esubge, Site006
Ccruxx, Site141
Ehasta, Site074
Bracin, Site060
Sal23, Site055
Sal18, Site018
Sal10, Site254
Chalci, Site064
Hangli, Site114
Eboreo, Site071
Ccruxx, Site295
Olappo, Site090
Chalci, Site068
Svesic, Site143
Hpolit, Site270
Sal9, Site305
Hanoma, Site323
Ccruxx, Site185
Enobbe, Site151
Peuura, Site079
Llugen, Site224
Hischn, Site210
Onival, Site042
Halien, Site098
Ocolla, Site094
Sal31, Site190
Halien, Site291
Sal1, Site002
Sal5, Site213
Esalic, Site109
Chalci, Site011
Etorym, Site190
Broman, Site028
Sal17, Site075
Peuura, Site080
Ovesic, Site002
Pterom, Site034
Celong, Site259
Hischn, Site188
Obridg, Site288
Hoblit, Site265
Pdolic, Site019
Svesic, Site100
Peuura, Site151
Chalci, Site147
Sal2, Site221
Bracin, Site274
Sal14, Site083
Tetras, Site233
Oherba, Site054
Chalci, Site158
Apusil, Site117
Apusil, Site308
Etorym, Site142
Sal2, Site001
Hsglau, Site043
Ccruxx, Site116
Celong, Site367
Sal11, Site186
Opedun, Site116
Enobbe, Site183
Eacicu, Site056
Eacicu, Site077
Sal27, Site084
Onival, Site143
Ovesic, Site001
Ovaria, Site132
Sal18, Site349
Chalci, Site153
Hruber, Site072
Obella, Site140
Celong, Site286
Broman, Site066
Olesic, Site173
Sal13, Site131
Lflexi, Site071
Sal9, Site311
Hplicg, Site107
Hangli, Site233
Sal13, Site008
Hischn, Site133
Celong, Site346
Otrian, Site153
Chalci, Site320
Lflexi, Site015
Pdolic, Site101
Oadaph, Site034
Sal28, Site054
Pdolic, Site194
Pdolic, Site258
Hleuco, Site306
Okriec, Site243
Sal10, Site002
Aacumi, Site112
Pdolic, Site010
Hleuca, Site270
Apusil, Site370
Peuura, Site192
Sal10, Site296
Ichnin, Site177
Chalci, Site141
Sal17, Site147
Okriec, Site111
Eappen, Site104
Sgranu, Site348
Sal9, Site119
Eelaea, Site111
Hplicg, Site043
Hanoma, Site295
Onival, Site078
Chalci, Site012
Sal8, Site026
Celong, Site304
Oarcti, Site016
Llugen, Site035
Ccruxx, Site064
Ichnin, Site153
Bracin, Site243
Sal16, Site015
Pdolic, Site085
Pdolic, Site060
Chalci, Site295
Eacicu, Site064
Celong, Site104
Aminim, Site113
Pcynip, Site188
Etoxon, Site036
Svesic, Site048
Ilappo, Site044
Pponta, Site193
Olappo, Site015
Sal31, Site233
Llugen, Site117
Bpicti, Site018
Obella, Site174
Esalic, Site133
Sal14, Site143
Svesic, Site027
Celong, Site280
Chalci, Site202
Pponta, Site020
Eacicu, Site190
Oretus, Site232
Oproxi, Site007
Adelog, Site255
Hpolit, Site291
Epurpu, Site024
Peuura, Site047
Eboreo, Site204
Sal17, Site168
Aacumi, Site142
Etorym, Site038
Elappc, Site091
Hpolit, Site290
Hischn, Site053
Hruber, Site027
Sal16, Site044
Sal9, Site336
Sal12, Site293
Ccruxx, Site112
Ovimin, Site041
Ogalla, Site148
Chalci, Site186
Sal13, Site233
Emyrsi, Site055
Bimmut, Site190
Sal14, Site370
Ccruxx, Site061
Esalic, Site350
Pdolic, Site173
Odolic, Site143
Eacicu, Site093
Chalci, Site189
Esalic, Site131
Ogalla, Site037
Hleuca, Site333
Elappo, Site046
Celong, Site081
Chalci, Site116
Sal8, Site024
Sal2, Site198
Hruber, Site153
Celong, Site047
Olappo, Site044
Esmyrt, Site159
Sal32, Site127
Etorym, Site028
Pdolic, Site274
Chalci, Site193
Hnudip, Site159
Ovimin, Site111
Chalci, Site240
Esmyrs, Site055
Peuura, Site090
Ovimin, Site188
Svesic, Site074
Broman, Site120
Svesic, Site140
Sal18, Site149
Eatraa, Site130
Hischn, Site121
Hruber, Site024
Hcarin, Site005
Hacuti, Site353
Pdolic, Site090
Oherba, Site076
Celong, Site159
Strico, Site346
Ichnin, Site186
Sal17, Site145
Sal26, Site109
Halien, Site374
Apusil, Site020
Sal18, Site037
Hruber, Site193
Hanoma, Site347
Eacicu, Site158
Epygma, Site043
Adelog, Site219
Eelaea, Site002
Hischn, Site373
Chalci, Site195
Pdolic, Site213
Chalci, Site014
Sal3, Site228
Hangli, Site191
Eelaea, Site105
Claevi, Site078
Hleuco, Site308
Etoxon, Site223
Sal12, Site130
Sal50, Site047
Strico, Site302
Sal10, Site106
Pdolic, Site205
Svesic, Site024
Sal14, Site048
Lflexi, Site077
Hleuca, Site310
Svesic, Site228
Bdisco, Site140
Eatraa, Site060
Eacicu, Site083
Chalci, Site030
Oadaph, Site021
Chalci, Site009
Cflavi, Site362
Slappo, Site148
Celong, Site287
Chalci, Site075
Ichnin, Site353
Ohasta, Site213
Ichnin, Site187
Hspira, Site220
Hpruss, Site247
Sal18, Site269
Sal3, Site101
Acubic, Site073
Themip, Site041
Ireuni, Site310
Sal17, Site215
Chalci, Site223
Eacicu, Site113
Pdolic, Site026
Sal3, Site286
Sal15, Site015
Sal9, Site330
Hanoma, Site337
Oviril, Site060
Ehasta, Site148
Otrian, Site039
Sal14, Site052
Sal18, Site169
Ichnin, Site088
Croman, Site043
Ovimin, Site001
Sal3, Site002
Aminim, Site358
Ovimin, Site288
Epurpu, Site041
Ovaria, Site035
Aacumi, Site109
Hleuca, Site006
Pponta, Site054
Oarcti, Site285
Hpruss, Site320
Hleuca, Site325
Ehasta, Site080
Sal7, Site080
Hnudip, Site208
Llappo, Site086
Hruber, Site025
Chalci, Site238
Esalic, Site062
Onival, Site034
Htuber, Site005
Bracin, Site144
Sal2, Site065
Ccruxx, Site125
Sal3, Site082
Heryth, Site169
Sal6, Site020
Svesic, Site154
Sal5, Site053
Ccruxx, Site094
Ilappo, Site104
Hpolit, Site315
Celong, Site313
Bdisco, Site060
Eaurit, Site154
Svesic, Site020
Odolic, Site285
Pcynip, Site153
Ohasta, Site055
Ichnin, Site106
Sal7, Site079
Ohasta, Site034
Ovaria, Site277
Sal1, Site066
Sal30, Site202
Eacicu, Site007
Emucro, Site116
Ichnin, Site323
Bdisco, Site041
Chalci, Site236
Hangli, Site190
Ccruxx, Site007
Ilappo, Site007
Sal14, Site159
Odolic, Site055
Sal10, Site111
Sal15, Site016
Halien, Site311
Eurozo, Site041
Odolic, Site074
Ichnin, Site042
Onorve, Site050
Onigri, Site235
Aalvea, Site236
Olappo, Site047
Chalci, Site130
Hoblit, Site187
Bbrevi, Site041
Pdolic, Site148
Bracin, Site213
Sal16, Site082
Etesta, Site197
Sal3, Site053
Sal29, Site050
Eacicu, Site104
Sal29, Site056
Sal34, Site177
Bracsp, Site131
Apusil, Site271
Pdolic, Site049
Hleuco, Site048
Coreop, Site218
Sal18, Site215
Obridg, Site221
Adelog, Site129
Celong, Site102
Svesic, Site010
Ohasta, Site027
Adelog, Site118
Sal17, Site370
Hischn, Site275
Celong, Site333
Egemmh, Site033
Elappo, Site078
Eacicu, Site036
Sal17, Site354
Broman, Site002
Esmyrt, Site143
Csalic, Site188
Broman, Site107
Sal10, Site117
Aacumi, Site033
Ccruxx, Site008
Hoblit, Site266
Sal9, Site309
Sal13, Site150
Llugen, Site199
Hangli, Site260
Ovimin, Site191
Elanat, Site053
Etoxon, Site067
Adelog, Site135
Eacicu, Site124
Onival, Site107
Broman, Site081
Hplicg, Site048
Llugen, Site011
Eboreo, Site168
Sal5, Site079
Olappl, Site074
Sal27, Site090
Bracin, Site026
Ehasta, Site213
Pponta, Site085
Ealbit, Site189
Pdolic, Site016
Ichnin, Site274
Sal3, Site373
Aminim, Site094
Adelog, Site119
Broman, Site110
Chalci, Site256
Oobscu, Site133
Aminim, Site185
Elappo, Site214
Celong, Site115
Sal18, Site270
Eanali, Site186
Hnudip, Site077
Ehasta, Site120
Celong, Site075
Svesic, Site111
Oviril, Site109
Oherba, Site058
Chalci, Site109
Ohasta, Site137
Slappo, Site155
Svesic, Site144
Hscapr, Site143
Ohasta, Site151
Celong, Site041
Ogalla, Site234
Ichnin, Site111
Egemmh, Site079
Etorym, Site074
Sal17, Site203
Sal18, Site307
Hangli, Site118
Sal9, Site313
Pnemat, Site041
Bracin, Site024
Etorym, Site009
Sal16, Site208
Eurozo, Site131
Hangli, Site319
Enobbe, Site031
Egemmh, Site027
Chalci, Site042
Sal5, Site026
Hruber, Site144
Chalci, Site028
Celong, Site328
Chalci, Site123
Adelog, Site109
Ovaria, Site027
Peuura, Site083
Esmyrt, Site083
Egemmh, Site080
Mesole, Site142
Sal13, Site094
Pdolic, Site131
Ofoeti, Site193
Bobscu, Site192
Pponta, Site145
Hsglab, Site128
Ccruxx, Site098
Hruber, Site173
Pdolic, Site352
Ichnin, Site372
Enobbe, Site111
Sal21, Site294
Eacicu, Site098
Sal34, Site115
Pdolic, Site095
Hspirh, Site026
Hacuti, Site274
Pponta, Site053
Pdolic, Site043
Sal2, Site255
Sal19, Site256
Pdolic, Site051
Svesic, Site034
Chalci, Site185
Sal17, Site053
Sal20, Site171
Svesic, Site022
Sal3, Site144
Ohasta, Site246
Ovesic, Site109
Svesic, Site358
Pdolic, Site102
Binter, Site224
Hischn, Site192
Pdolic, Site227
Etorym, Site233
Enobbe, Site089
Adelog, Site122
Ccruxx, Site067
Ilappo, Site078
Eaurit, Site141
Sal26, Site039
Obridg, Site120
Hleuco, Site335
Sal30, Site083
Sal2, Site252
Ohasta, Site002
Peuura, Site062
Sal10, Site189
Celong, Site026
Etorym, Site053
Chalci, Site285
Ccruxx, Site188
Ovaria, Site069
Sal25, Site060
Hruber, Site064
Eacicu, Site247
Sal16, Site056
Epygma, Site052
Acubic, Site045
Sal24, Site227
Celong, Site130
Heryth, Site325
Sal22, Site192
Pnemat, Site190
Ofoeti, Site110
Bpicti, Site185
Oadaph, Site022
Cflavi, Site044
Hpolit, Site006
Sal18, Site308
Esalic, Site041
Chalci, Site224
Oherba, Site055
Aminim, Site008
Chalci, Site102
Sal6, Site021
Sal26, Site258
Strico, Site255
Sal11, Site038
Eacicu, Site108
Salcal, Site034
Ilappo, Site043
Etorym, Site104
Tspone, Site002
Eboreo, Site078
Obridg, Site198
Sal25, Site303
Ccruxx, Site153
Oarcti, Site169
Ccruxx, Site109
Olappo, Site078
Celong, Site187
Etorym, Site102
Hpruss, Site009
Llugen, Site013
Oadaph, Site137
Hpurpu, Site291
Hleuco, Site269
Hnudip, Site274
Ichnin, Site282
Hischn, Site005
Peuura, Site024
Bracin, Site283
Esalic, Site197
Oadaph, Site109
Ichnin, Site293
Sal8, Site034
Hischn, Site209
Broman, Site017
Chalci, Site120
Esalic, Site297
Eacicu, Site285
Pponta, Site071
Pdolic, Site053
Broman, Site250
Ovimin, Site121
Etorym, Site023
Ohasta, Site120
Sal18, Site152
Broman, Site193
Pdolic, Site024
Sal16, Site349
Aminim, Site009
Broman, Site156
Sal5, Site137
Sal25, Site140
Oproxi, Site223
Sal14, Site369
Chalci, Site142
Hleuca, Site259
Celong, Site143
Pponta, Site057
Ccruxx, Site018
Hpurpu, Site252
Cincer, Site120
Elanat, Site016
Eelaea, Site100
Sal14, Site349
Hanoma, Site294
Celong, Site326
Omonti, Site002
Sal11, Site197
Sal25, Site281
Hleuco, Site360
Sal12, Site014
Hpurpu, Site323
Dcoleo, Site119
Hsglau, Site356
Celong, Site119
Broman, Site035
Svesic, Site109
Pdolic, Site065
Eacicu, Site002
Hpruss, Site294
Binter, Site041
Ichnin, Site027
Eappen, Site171
Ocolla, Site233
Bconju, Site185
Sal17, Site143
Sal3, Site281
Anigro, Site047
Eaurit, Site182
Hangli, Site300
Pdolic, Site224
Ssubar, Site015
Evenus, Site056
Obrevi, Site027
Osamol, Site071
Onigri, Site002
Sal9, Site324
Ccruxx, Site097
Omacul, Site068
Chalci, Site035
Sal5, Site071
Celong, Site370
Hplicd, Site255
Ovimin, Site070
Pcynip, Site056
Ocolla, Site287
Etorym, Site224
Obridg, Site065
Chalci, Site188
Oobscu, Site199
Sal52, Site294
Bimmut, Site188
Pdolic, Site150
Eurozo, Site190
Hspira, Site005
Hpruss, Site119
Hoblit, Site115
Svesic, Site150
Sal12, Site266
Peuura, Site020
Sal1, Site067
Chalci, Site112
Hleuca, Site320
Onival, Site075
Olappo, Site042
Pnemat, Site013
Chalci, Site061
Pdolic, Site074
Apusil, Site126
Sal20, Site100
Ccruxx, Site186
Sal10, Site173
Sal7, Site026
Ichnin, Site047
Pdolic, Site055
Eacicu, Site048
Apusil, Site293
Emyrsi, Site280
Sal1, Site022
Sal14, Site085
Sal12, Site333
Ichnin, Site016
Bepitr, Site257
Ofoeti, Site194
Ccruxx, Site224
Sal18, Site048
Ireuni, Site272
Ovaria, Site236
Sal17, Site042
Hpruss, Site334
Ovimin, Site156
Hpolit, Site338
Oproxi, Site098
Sal18, Site339
Oretic, Site192
Slappo, Site028
Sal3, Site153
Etorym, Site008
Chalci, Site165
Hpruss, Site259
Sal25, Site282
Celong, Site055
Chalci, Site082
Sal3, Site045
Htuber, Site071
Acubic, Site046
Broman, Site078
Chalci, Site049
Sal13, Site009
Smorle, Site293
Ichnin, Site212
Hleuco, Site144
Apusil, Site252
Sal11, Site191
Sal10, Site081
Bbrevi, Site190
Adelog, Site127
Llugen, Site186
Pdolic, Site185
Svesic, Site236
Oarcti, Site082
Chalci, Site124
Binter, Site140
Ichnin, Site195
Sal5, Site046
Svesic, Site093
Sal31, Site126
Esalic, Site180
Apusil, Site091
Hplicg, Site346
Bracin, Site028
Chalci, Site018
Celong, Site290
Strico, Site265
Bbrevi, Site188
Oarcti, Site043
Cvitta, Site002
Sal31, Site326
Sal10, Site103
Celong, Site291
Chalci, Site071
Hacuti, Site047
Evenus, Site089
Chalci, Site140
Hplicg, Site213
Sal10, Site006
Ichnin, Site126
Pponta, Site049
Sal17, Site276
Olappl, Site086
Pdolic, Site041
Enobbe, Site159
Sal21, Site154
Ovaria, Site143
Esalic, Site181
Heryth, Site259
Broman, Site059
Bracin, Site078
Esalic, Site115
Hplicg, Site369
Broman, Site287
Hplicg, Site286
Sal6, Site104
Svesic, Site173
Celong, Site252
Bbrevi, Site014
Cdorsa, Site169
Ovesic, Site041
Etorym, Site125
Eacicu, Site185
Gornat, Site131
Apusil, Site366
Aacumi, Site024
Eacicu, Site038
Svesic, Site011
Broman, Site076
Sal31, Site117
Hpolit, Site255
Strico, Site209
Chalci, Site047
Sal9, Site270
Osamol, Site078
Geliss, Site107
Pdolic, Site054
Ccruxx, Site223
Sal10, Site060
Sal12, Site117
Chalci, Site199
Svesic, Site036
Hangli, Site009
Sal18, Site362
Halien, Site282
Bpicti, Site019
Oarcti, Site077
Chalci, Site333
Ovaria, Site088
Bkopel, Site075
Omonti, Site220
Enobbe, Site028
Eacicu, Site157
Bracin, Site056
Ovaria, Site144
Chalci, Site050
Pdolic, Site081
Hruber, Site080
Sal18, Site359
Hangli, Site290
Broman, Site172
Adelog, Site080
Evenus, Site152
Heryth, Site333
Chalci, Site230
Egemmf, Site193
Omacul, Site034
Sal18, Site300
Hoblit, Site177
Sal3, Site318
Chalci, Site349
Oretus, Site002
Chalci, Site111
Pdolic, Site048
Sal17, Site055
Sal15, Site239
Chalci, Site125
Hpruss, Site263
Hleuca, Site007
Hsglab, Site127
Svesic, Site095
Hplicp, Site044
Sal10, Site299
Oadaph, Site036
Bbrevi, Site140
Eacicu, Site230
Aminim, Site130
Pdolic, Site197
Chalci, Site287
Pponta, Site229
Celong, Site072
Pponta, Site103
Sal25, Site165
Acubic, Site078
Onigri, Site055
Broman, Site046
Oarcti, Site073
Svesic, Site352
Svesic, Site223
Chalci, Site180
Hpscho, Site255
Ilappo, Site023
Svesic, Site028
Slappo, Site055
Sal3, Site210
Obella, Site139
Sal18, Site236
Hanoma, Site270
Obridg, Site219
Celong, Site221
Ichnin, Site071
Claevi, Site002
Bracin, Site036
Oobscu, Site028
Eacicu, Site194
Edaphn, Site104
Celong, Site060
Hpruss, Site268
Chalci, Site232
Llugen, Site098
Ccruxx, Site191
Celong, Site272
Sal3, Site055
Eacicu, Site009
Sal48, Site319
Hpurpu, Site316
Pdolic, Site290
Sal28, Site055
Emyrti, Site083
Sal18, Site098
Ccruxx, Site242
Lpunct, Site281
Eacicu, Site170
Etoxon, Site187
Hplicg, Site276
Bracin, Site126
Ovimin, Site081
Egemmc, Site130
Sal17, Site213
Sal16, Site285
Sal4, Site003
Pnemat, Site187
Oproxi, Site102
Pponta, Site146
Hanoma, Site329
Aminim, Site093
Bracin, Site005
Enobbe, Site109
Lflexi, Site045
Oviril, Site289
Hplicg, Site347
Chalci, Site091
Egemmf, Site020
Sal18, Site264
Chalci, Site008
Cdorsa, Site282
Sal10, Site156
Hanoma, Site341
Llugen, Site241
Pdolic, Site333
Sal18, Site347
Binter, Site189
Sal3, Site075
Pdolic, Site190
Chalci, Site121
Pponta, Site046
Sal9, Site271
Aminim, Site190
Sal25, Site291
Ichnin, Site116
Espone, Site126
Sal31, Site327
Pdolic, Site171
Sal31, Site118
Celong, Site247
Sal9, Site118
Oherba, Site047
Hanoma, Site333
Sal18, Site188
Sal2, Site262
Slappo, Site016
Sal27, Site042
Obridg, Site080
Sal25, Site183
Hpolit, Site103
Chalci, Site257
Pclavi, Site060
Acubic, Site237
Cgraci, Site219
Sal6, Site109
Sal26, Site187
Hleuca, Site311
Llugen, Site223
Ehasta, Site005
Ovimin, Site158
Oarcti, Site055
Sal45, Site143
Ichnin, Site287
Sal17, Site237
Adelog, Site191
Sal27, Site046
Celong, Site338
Emyrti, Site143
Slappo, Site219
Sal10, Site323
Sal25, Site031
Omyrsi, Site015
Svesic, Site286
Anigro, Site109
Chalci, Site205
Chalci, Site299
Obridg, Site064
Svesic, Site333
Broman, Site053
Oglauc, Site044
Hruber, Site221
Hoblit, Site330
Apusil, Site336
Hpruss, Site326
Elappo, Site083
Hplicd, Site109
Bracin, Site073
Adelog, Site221
Eacicu, Site176
Sal14, Site047
Hpruss, Site302
Hplicg, Site046
Sal7, Site028
Olappo, Site016
Hpruss, Site338
Sal10, Site244
Sal10, Site190
Omacul, Site107
Hischn, Site159
Heryth, Site291
Omacul, Site033
Lalpic, Site104
Hpruss, Site291
Bepitr, Site021
Chalci, Site268
Sal2, Site171
Obridg, Site236
Acubic, Site053
Osamol, Site090
Spygid, Site064
Ilappo, Site075
Slappo, Site047
Sal9, Site318
Enobbe, Site165
Smorle, Site332
Ovimin, Site113
Chalci, Site220
Oretic, Site075
Hleuca, Site305
Sal3, Site277
Sal27, Site078
Oobscu, Site220
Chalci, Site067
Celong, Site318
Ccruxx, Site255
Ovesic, Site060
Sal12, Site098
Ichnin, Site100
Oproxi, Site293
Eelaea, Site104
Olappo, Site074
Chalci, Site056
Svesic, Site061
Acubic, Site116
Egemmh, Site107
Bracin, Site333
Ilappo, Site017
Ichnin, Site045
Sal10, Site001
Celong, Site042
Sal21, Site281
Esalic, Site188
Hruber, Site082
Hpruss, Site310
Adelog, Site322
Ovaria, Site172
Sal10, Site191
Esalic, Site029
Bracin, Site047
Eacicu, Site053
Hleuca, Site330
Epurpu, Site124
Sal9, Site317
Pponta, Site055
Sal10, Site027
Svesic, Site094
Sal31, Site247
Sal2, Site225
Hpurpu, Site300
Enobbe, Site024
Eheyer, Site095
Oproxi, Site191
Hoblit, Site190
Sal2, Site344
Oadaph, Site004
Sal25, Site287
Sal14, Site168
Bdisco, Site190
Omonti, Site020
Pdolic, Site075
Chalci, Site159
Ichnin, Site005
Halien, Site169
Celong, Site353
Pdolic, Site202
Chalci, Site085
Oglabr, Site286
Chalci, Site288
Ealbit, Site041
Ovaria, Site075
Esalic, Site299
Svesic, Site007
Eacicu, Site021
Hleuca, Site302
Ovaria, Site280
Celong, Site293
Sal9, Site326
Oproxi, Site186
Bracin, Site295
Ccruxx, Site236
Sal36, Site188
Oobscu, Site003
Croman, Site020
Chalci, Site243
Ehasta, Site107
Sal44, Site169
Okriec, Site023
Elappo, Site087
Olappl, Site046
Broman, Site188
Ichnin, Site194
Sal25, Site141
Broman, Site058
Omacul, Site025
Svesic, Site282
Acubic, Site155
Hleuco, Site300
Pcynip, Site004
Llugen, Site018
Bkopel, Site192
Opprox, Site294
Sal31, Site006
Sal6, Site245
Sal14, Site087
Elappo, Site085
Claevi, Site016
Hruber, Site034
Oretic, Site028
Oadaph, Site020
Chalci, Site181
Chalci, Site197
Elappc, Site168
Etoxon, Site122
Elappo, Site149
Chalci, Site090
Ovimin, Site124
Hleuco, Site336
Ppecti, Site002
Hanoma, Site307
Ovesic, Site063
Hleuca, Site306
Oviril, Site041
Sal7, Site034
Emucro, Site181
Ichnin, Site190
Hischn, Site255
Osamol, Site050
Sal18, Site360
Ccruxx, Site254
Hpolit, Site323
Broman, Site054
Chalci, Site168
Ehasta, Site024
Chalci, Site039
Chalci, Site160
Celong, Site015
Sal23, Site229
Pdolic, Site116
Sal43, Site091
Sal12, Site320
Eacicu, Site143
Svesic, Site233
Emyrti, Site159
Torymu, Site131
Adelog, Site107
Hruber, Site005
Atymbe, Site022
Ohasta, Site071
Celong, Site327
Sal2, Site064
Sal3, Site081
Onigri, Site228
Sal10, Site007
Sal23, Site195
Hnudip, Site053
Chalci, Site187
Sal12, Site010
Pdolic, Site047
Halien, Site287
Sal5, Site347
Chalci, Site051
Hplicp, Site210
Bracin, Site035
Slappo, Site078
Sal6, Site093
Sal2, Site226
Ovesic, Site185
Oproxi, Site332
Emyrsi, Site163
Pponta, Site043
Ccruxx, Site291
Chalci, Site152
Celong, Site134
Heryth, Site282
Ovesic, Site244
Svesic, Site040
Sal12, Site125
Etorym, Site277
Chalci, Site086
Chalci, Site352
Heryth, Site293
Etorym, Site082
Hpolit, Site115
Acubic, Site020
Sal3, Site027
Sal9, Site332
Etorym, Site160
Sal17, Site048
Sal18, Site333
Ocolla, Site009
Spygid, Site020
Sal22, Site194
Sal8, Site107
Llugen, Site102
Sal28, Site052
Oobscu, Site100
Onorve, Site056
Ialter, Site188
Llappo, Site091
Chalci, Site066
Sal16, Site145
Sal6, Site137
Eacicu, Site245
Adelog, Site115
Halien, Site116
Celong, Site301
Sal25, Site142
Sal3, Site192
Ppumil, Site190
Svesic, Site151
Ovimin, Site296
Osamol, Site016
Pdolic, Site002
Sal9, Site259
Enobbe, Site046
Adelog, Site325
Svesic, Site137
Sal12, Site115
Hanoma, Site332
Sal17, Site371
Hnudip, Site217
Sal2, Site345
Sal15, Site147
Chalci, Site003
Oretus, Site227
Ovimin, Site190
Esalic, Site182
Oglabr, Site071
Elanat, Site071
Apusil, Site191
Elappo, Site143
Ofoeti, Site020
Heryth, Site116
Oproxi, Site061
Sal6, Site240
Hanoma, Site361
Pdolic, Site022
Egemmh, Site138
Sal9, Site310
Htuber, Site028
Sal25, Site374
Hplicg, Site005
Eacicu, Site041
Svesic, Site247
Emyrsi, Site027
Slappo, Site090
Sal3, Site152
Chalci, Site163
Sal14, Site237
Bracin, Site015
Pdolic, Site100
Pdolic, Site133
Sal6, Site034
Ilappo, Site046
Adelog, Site134
Ilappo, Site047
Odolic, Site256
Chalci, Site143
Esalic, Site141
Hangli, Site327
Hangli, Site186
Euryto, Site157
Spygid, Site024
Bepitr, Site188
Hnudip, Site055
Epurpu, Site109
Eatraa, Site115
Bracin, Site285
Eacicu, Site188
Celong, Site261
Campop, Site057
Osamol, Site015
Eridol, Site145
Eaurit, Site139
Sal12, Site186
Ohasta, Site074
Eacicu, Site279
Etorym, Site078
Obridg, Site122
Hruber, Site001
Etorym, Site052
Onival, Site046
Oadaph, Site102
Pdolic, Site170
Celong, Site212
Pdolic, Site035
Peuura, Site055
Hnudip, Site144
Chalci, Site227
Onival, Site048
Hsglau, Site347
Ichnin, Site021
Ofoeti, Site100
Eacicu, Site137
Hangli, Site313
Chalci, Site117
Eacicu, Site075
Hacuti, Site214
Hleuco, Site262
Oglauc, Site016
Bobscu, Site194
Hsglau, Site353
Svesic, Site176
Eacicu, Site109
Ccruxx, Site241
Chalci, Site043
Cnrsub, Site020
Aacumi, Site111
Sal47, Site143
Pponta, Site042
Oarcti, Site015
Celong, Site144
Chalci, Site113
Hleuco, Site361
Apusil, Site047
Chalci, Site062
Opedun, Site060
Eatraa, Site098
Strico, Site200
Ccruxx, Site014
Sal9, Site331
Sal18, Site257
Ovimin, Site002
Bbrevi, Site125
Eaurit, Site181
Hischn, Site354
Sal10, Site021
Celong, Site126
Sal27, Site016
Bkopel, Site076
Hruber, Site048
Sal10, Site290
Bracin, Site046
Sal25, Site325
Sal18, Site153
Sal9, Site320
Bracin, Site002
Hspira, Site100
Hruber, Site043
Eacicu, Site153
Hleuca, Site293
Etoxon, Site125
Sal25, Site019
Eboreo, Site055
Obridg, Site347
Peuura, Site033
Ohasta, Site053
Heryth, Site174
Chalci, Site239
Sal33, Site132
Egemmf, Site192
Oadaph, Site108
Otrian, Site109
Dstram, Site366
Eatraa, Site184
Cvitta, Site022
Obridg, Site088
Sal2, Site220
Etorym, Site041
Ibrevi, Site041
Pdolic, Site109
Ogalla, Site048
Hspira, Site343
Oproxi, Site333
Chalci, Site013
Broman, Site117
Svesic, Site188
Sal9, Site125
Aminim, Site189
Sal16, Site354
Oretus, Site195
Celong, Site312
Eacicu, Site147
Hleuco, Site261
Sgranu, Site050
Eacicu, Site001
Apusil, Site286
Ccruxx, Site037
Oobscu, Site110
Elanat, Site078
Hruber, Site194
Edaphn, Site109
Celong, Site369
Elappo, Site090
Etorym, Site057
Svesic, Site045
Hplicg, Site204
Sal3, Site005
Etorym, Site188
Oproxi, Site125
Ibrevi, Site188
Bconju, Site187
Hpurpu, Site321
Claevi, Site026
Sal5, Site002
Celong, Site273
Saotis, Site349
Heryth, Site139
Sal10, Site260
Pdolic, Site034
Lpunct, Site210
Croman, Site282
Eacicu, Site067
Apusil, Site291
Enobbe, Site169
Bepitr, Site185
Hplicg, Site218
Egemmc, Site026
Opedun, Site007
Sal34, Site187
Sal6, Site130
Eacicu, Site046
Ccruxx, Site049
Hleuca, Site271
Hpurpu, Site299
Chalci, Site301
Ocolla, Site131
Emucro, Site030
Celong, Site300
Sal3, Site354
Sal18, Site056
Celong, Site233
Hleuca, Site092
Ccruxx, Site293
Sal1, Site104
Emucro, Site180
Sal2, Site122
Obridg, Site060
Sal11, Site062
Celong, Site125
Sal18, Site234
Sal9, Site233
Sal2, Site120
Elappo, Site144
Hangli, Site311
Eacicu, Site035
Eacicu, Site043
Aacumi, Site197
Apusil, Site143
Hangli, Site326
Smorle, Site259
Hruber, Site045
Hanoma, Site340
Hanoma, Site336
Hplicg, Site075
Okriec, Site170
Pdolic, Site249
Chalci, Site063
Sal11, Site242
Sal16, Site144
Sal18, Site325
Hangli, Site126
Celong, Site016
Sal5, Site055
Enobbe, Site081
Eacicu, Site039
Eweiff, Site009
Ichnin, Site286
Ovaria, Site033
Hpruss, Site116
Sal14, Site144
Lpunct, Site074
Atroch, Site071
Strico, Site283
Sal4, Site079
Ichnin, Site002
Tspfiv, Site188
Eciner, Site006
Enobbe, Site182
Obridg, Site005
Ehasta, Site055
Ogalla, Site088
Ovaria, Site082
Chalci, Site294
Broman, Site055
Adelog, Site220
Hpurpu, Site358
Adelog, Site252
Eurozo, Site060
Etoxon, Site116
Ohasta, Site051
Svesic, Site043
Agalli, Site107
Bkopel, Site002
Svesic, Site096
Omonti, Site100
Hpolit, Site316
Esalic, Site116
Opustu, Site045
Sal18, Site332
Celong, Site116
Sal28, Site047
Etorym, Site227
Chalci, Site289
Etorym, Site100
Pdolic, Site207
Chalci, Site021
Osamol, Site077
Celong, Site071
Oglabr, Site077
Hleuco, Site018
Peuura, Site107
Elappc, Site078
Ichnin, Site110
Sal14, Site044
Bdisco, Site062
Eacicu, Site016
Chalci, Site108
Chalci, Site178
Sal17, Site047
Sal18, Site088
Egemmf, Site079
Sal18, Site173
Celong, Site186
Celong, Site345
Cflavi, Site002
Sal31, Site135
Aminim, Site099
Celong, Site043
Sal18, Site143
Sal9, Site290
Lforti, Site078
Ocolla, Site150
Bracin, Site191
Sal11, Site241
Opedun, Site006
Bracin, Site034
Aacumi, Site188
Ovesic, Site190
Binter, Site060
Bracin, Site009
Hpruss, Site333
Sal18, Site144
Sal3, Site350
Sal1, Site001
Hleuca, Site326
Omacul, Site026
Strico, Site020
Chalci, Site172
Sal15, Site075
Obrevi, Site194
Oadaph, Site104
Axanth, Site185
Hplicg, Site047
Acubic, Site016
Sal25, Site116
Sal6, Site036
Hpruss, Site260
Ohasta, Site347
Ovaria, Site055
Adelog, Site028
Opedun, Site224
Sal10, Site125
Sal12, Site223
Eacicu, Site049
Svesic, Site073
Pponta, Site015
Hruber, Site100
Salpin, Site002
Pdolic, Site155
Chalci, Site088
Sal9, Site272
Hpruss, Site311
Eacicu, Site081
Hplicl, Site211
Sal14, Site211
Pdolic, Site198
Elappo, Site053
Eatraa, Site062
Apusil, Site090
Chalci, Site098
Ovaria, Site001
Obridg, Site233
Pponta, Site147
Apusil, Site218
Oglabr, Site082
Ilappo, Site060
Oobscu, Site192
Hspira, Site221
Hoblit, Site270
Hleuco, Site324
Sal38, Site187
Pdolic, Site039
Etorym, Site103
Etaige, Site071
Odolic, Site047
Celong, Site366
Opedun, Site247
Etorym, Site075
Olappo, Site077
Etorym, Site191
Sgranu, Site056
Ibrevi, Site191
Chalci, Site115
Eacicu, Site027
Bracin, Site143
Eciner, Site169
Hleuca, Site273
Omacul, Site005
Ovaria, Site002
Sal1, Site170
Sal16, Site143
Hruber, Site081
Polybl, Site186
Strico, Site126
Chalci, Site179
Oproxi, Site117
Hplicg, Site071
Cvitta, Site207
Sal24, Site232
Svesic, Site193
Chalci, Site254
Ilappo, Site018
Sal18, Site041
Obridg, Site048
Ccruxx, Site192
Sal18, Site162
Ctrifa, Site005
Pponta, Site016
Svesic, Site006
Opedun, Site130
Sal1, Site099
Aminim, Site150
Etorym, Site172
Bracin, Site186
Hpruss, Site307
Sal37, Site196
Svesic, Site347
Hpruss, Site290
Sal25, Site308
Celong, Site336
Ccruxx, Site022
Egemmh, Site034
Svesic, Site041
Epygma, Site044
Ofoeti, Site002
Slappo, Site024
Svesic, Site052
Hpruss, Site305
Eacicu, Site022
Sal10, Site024
Elappo, Site074
Hpruss, Site318
Eacicu, Site034
Etorym, Site046
Olappl, Site091
Ccruxx, Site187
Okriec, Site021
Broman, Site285
Celong, Site109
Slappo, Site086
Sal5, Site028
Llugen, Site061
Okriec, Site255
Bimmut, Site295
Ichnin, Site055
Hleuca, Site291
Ogalla, Site089
Pcynip, Site057
Ofoeti, Site028
Oretus, Site028
Oretic, Site195
Sal16, Site042
Sal9, Site338
Aacumi, Site021
Ealbit, Site241
Sal12, Site175
Olappl, Site042
Eacicu, Site076
Aalvea, Site060
Bracsp, Site233
Etorym, Site225
Omyrti, Site144
Sal9, Site302
Sal10, Site316
Adelog, Site116
Ovimin, Site060
Emucro, Site031
Ovaria, Site004
Ccruxx, Site006
Celong, Site344
Hleuca, Site260
Opedun, Site233
Onival, Site055
Sal28, Site076
Hsglab, Site122
Celong, Site210
Sal5, Site148
Ichnsp, Site347
Enigri, Site029
Aacumi, Site298
Okriec, Site067
Sal4, Site081
Pdolic, Site146
Sal27, Site143
Etorym, Site067
Chalci, Site104
Celong, Site295
Evenus, Site141
Ireuni, Site302
Pdolic, Site110
Obella, Site154
Eelaea, Site188
Sal18, Site029
Hplicg, Site016
Chalci, Site070
Oproxi, Site040
Ogalla, Site018
Sal31, Site290
Smorle, Site302
Svesic, Site055
Hischn, Site163
Hanoma, Site318
Sal31, Site311
Oadaph, Site093
Sal9, Site288
Hanoma, Site215
Ilappo, Site041
Ireuni, Site291
Chalci, Site166
Omacul, Site028
Chalci, Site097
Sal11, Site254
Etorym, Site106
Smorle, Site006
Hpruss, Site233
Epurpu, Site108
Acubic, Site085
Pdolic, Site143
Hangli, Site117
Eacicu, Site116
Hleuco, Site339
Etorym, Site148
Ilappo, Site004
Hoblit, Site189
Eboreo, Site107
Onival, Site276
Ilappo, Site107
Eelaea, Site133
Egemmf, Site002
Sal4, Site192
Bracin, Site208
Bpicti, Site020
Acubic, Site052
Hanoma, Site293
Chalci, Site022
Geliss, Site027
Bracin, Site194
Epygma, Site048
Hpscho, Site344
Sal11, Site291
Sal5, Site074
Sal14, Site155
Htuber, Site144
Sal16, Site077
Oviril, Site034
Sal10, Site066
Adelog, Site260
Pdolic, Site088
Eacicu, Site023
Sal17, Site216
Sal17, Site218
Etorym, Site244
Hleuca, Site116
Hleuca, Site272
Sal14, Site371
Hplicg, Site356
Hruber, Site091
Hischn, Site318
Eanali, Site211
Svesic, Site213
Sal18, Site306
Chalci, Site033
Oretic, Site046
Aminim, Site095
Otrian, Site116
Sal16, Site055
Sal6, Site096
Ovaria, Site067
Hangli, Site041
Ccruxx, Site248
Elappo, Site043
Sal3, Site001
Elappc, Site046
Sal9, Site268
Sal10, Site270
Chalci, Site235
Pponta, Site034
Chalci, Site038
Sal25, Site349
Elappo, Site052
Sal14, Site286
Eacicu, Site274
Lflexi, Site052
Sal14, Site074
Sgranu, Site151
Ovesic, Site288
Sal7, Site035
Celong, Site020
Pdolic, Site086
Eacicu, Site015
Ehasta, Site079
Slappo, Site054
Sal8, Site005
Hpruss, Site332
